Times,Agents,Algorithm,Range
88,2,SB,50
27,2,SB,50
40,2,SB,50
84,2,SB,50
26,2,SB,50
54,2,SB,50
44,2,SB,50
38,2,SB,50
58,2,SB,50
24,2,SB,50
72,2,SB,50
39,2,SB,50
89,2,SB,50
50,2,SB,50
35,2,SB,50
71,2,SB,50
89,2,SB,50
45,2,SB,50
32,2,SB,50
65,2,SB,50
56,2,SB,50
60,2,SB,50
92,2,SB,50
38,2,SB,50
82,2,SB,50
75,2,SB,50
48,2,SB,50
57,2,SB,50
55,2,SB,50
74,2,SB,50
36,2,SB,50
28,2,SB,50
55,2,SB,50
39,2,SB,50
87,2,SB,50
59,2,SB,50
72,2,SB,50
55,2,SB,50
72,2,SB,50
74,2,SB,50
31,2,SB,50
46,2,SB,50
114,2,SB,50
26,2,SB,50
102,2,SB,50
29,2,SB,50
57,2,SB,50
44,2,SB,50
35,2,SB,50
29,2,SB,50
92,2,RSB,50
26,2,RSB,50
38,2,RSB,50
83,2,RSB,50
26,2,RSB,50
52,2,RSB,50
48,2,RSB,50
45,2,RSB,50
62,2,RSB,50
26,2,RSB,50
73,2,RSB,50
35,2,RSB,50
94,2,RSB,50
65,2,RSB,50
53,2,RSB,50
84,2,RSB,50
78,2,RSB,50
48,2,RSB,50
28,2,RSB,50
56,2,RSB,50
61,2,RSB,50
76,2,RSB,50
87,2,RSB,50
39,2,RSB,50
80,2,RSB,50
86,2,RSB,50
53,2,RSB,50
62,2,RSB,50
56,2,RSB,50
76,2,RSB,50
34,2,RSB,50
29,2,RSB,50
58,2,RSB,50
44,2,RSB,50
81,2,RSB,50
58,2,RSB,50
63,2,RSB,50
49,2,RSB,50
76,2,RSB,50
83,2,RSB,50
39,2,RSB,50
46,2,RSB,50
129,2,RSB,50
26,2,RSB,50
87,2,RSB,50
29,2,RSB,50
57,2,RSB,50
47,2,RSB,50
48,2,RSB,50
36,2,RSB,50
78,2,RSB,50
24,2,RSB,50
39,2,RSB,50
77,2,RSB,50
25,2,RSB,50
48,2,RSB,50
39,2,RSB,50
40,2,RSB,50
57,2,RSB,50
24,2,RSB,50
66,2,RSB,50
29,2,RSB,50
90,2,RSB,50
51,2,RSB,50
39,2,RSB,50
68,2,RSB,50
69,2,RSB,50
41,2,RSB,50
26,2,RSB,50
47,2,RSB,50
55,2,RSB,50
66,2,RSB,50
78,2,RSB,50
37,2,RSB,50
85,2,RSB,50
75,2,RSB,50
48,2,RSB,50
45,2,RSB,50
60,2,RSB,50
65,2,RSB,50
27,2,RSB,50
28,2,RSB,50
48,2,RSB,50
44,2,RSB,50
78,2,RSB,50
56,2,RSB,50
61,2,RSB,50
39,2,RSB,50
65,2,RSB,50
72,2,RSB,50
29,2,RSB,50
46,2,RSB,50
109,2,RSB,50
25,2,RSB,50
92,2,RSB,50
27,2,RSB,50
52,2,RSB,50
40,2,RSB,50
36,2,RSB,50
23,2,RSB,50
71,2,DFS,50
20,2,DFS,50
33,2,DFS,50
60,2,DFS,50
22,2,DFS,50
43,2,DFS,50
36,2,DFS,50
36,2,DFS,50
58,2,DFS,50
21,2,DFS,50
69,2,DFS,50
27,2,DFS,50
70,2,DFS,50
41,2,DFS,50
29,2,DFS,50
61,2,DFS,50
62,2,DFS,50
34,2,DFS,50
25,2,DFS,50
44,2,DFS,50
41,2,DFS,50
49,2,DFS,50
73,2,DFS,50
49,2,DFS,50
63,2,DFS,50
68,2,DFS,50
44,2,DFS,50
40,2,DFS,50
49,2,DFS,50
70,2,DFS,50
24,2,DFS,50
22,2,DFS,50
41,2,DFS,50
33,2,DFS,50
68,2,DFS,50
50,2,DFS,50
47,2,DFS,50
35,2,DFS,50
60,2,DFS,50
58,2,DFS,50
23,2,DFS,50
36,2,DFS,50
92,2,DFS,50
25,2,DFS,50
69,2,DFS,50
25,2,DFS,50
50,2,DFS,50
36,2,DFS,50
30,2,DFS,50
19,2,DFS,50
114,2,SB,100
86,2,SB,100
70,2,SB,100
85,2,SB,100
117,2,SB,100
39,2,SB,100
54,2,SB,100
86,2,SB,100
79,2,SB,100
77,2,SB,100
24,2,SB,100
48,2,SB,100
41,2,SB,100
39,2,SB,100
62,2,SB,100
20,2,SB,100
98,2,SB,100
56,2,SB,100
49,2,SB,100
85,2,SB,100
58,2,SB,100
41,2,SB,100
55,2,SB,100
94,2,SB,100
82,2,SB,100
90,2,SB,100
77,2,SB,100
75,2,SB,100
106,2,SB,100
63,2,SB,100
45,2,SB,100
52,2,SB,100
44,2,SB,100
47,2,SB,100
55,2,SB,100
35,2,SB,100
97,2,SB,100
58,2,SB,100
102,2,SB,100
61,2,SB,100
54,2,SB,100
65,2,SB,100
66,2,SB,100
77,2,SB,100
74,2,SB,100
94,2,SB,100
107,2,RSB,100
82,2,RSB,100
68,2,RSB,100
76,2,RSB,100
126,2,RSB,100
34,2,RSB,100
56,2,RSB,100
92,2,RSB,100
75,2,RSB,100
75,2,RSB,100
23,2,RSB,100
54,2,RSB,100
39,2,RSB,100
51,2,RSB,100
63,2,RSB,100
20,2,RSB,100
89,2,RSB,100
65,2,RSB,100
53,2,RSB,100
84,2,RSB,100
62,2,RSB,100
33,2,RSB,100
63,2,RSB,100
94,2,RSB,100
91,2,RSB,100
107,2,RSB,100
80,2,RSB,100
73,2,RSB,100
110,2,RSB,100
59,2,RSB,100
42,2,RSB,100
58,2,RSB,100
46,2,RSB,100
49,2,RSB,100
62,2,RSB,100
37,2,RSB,100
97,2,RSB,100
67,2,RSB,100
104,2,RSB,100
61,2,RSB,100
59,2,RSB,100
77,2,RSB,100
54,2,RSB,100
78,2,RSB,100
73,2,RSB,100
98,2,RSB,100
97,2,RSB,100
74,2,RSB,100
66,2,RSB,100
73,2,RSB,100
100,2,RSB,100
38,2,RSB,100
53,2,RSB,100
80,2,RSB,100
72,2,RSB,100
69,2,RSB,100
23,2,RSB,100
52,2,RSB,100
37,2,RSB,100
36,2,RSB,100
58,2,RSB,100
18,2,RSB,100
83,2,RSB,100
64,2,RSB,100
45,2,RSB,100
69,2,RSB,100
55,2,RSB,100
33,2,RSB,100
51,2,RSB,100
91,2,RSB,100
75,2,RSB,100
105,2,RSB,100
70,2,RSB,100
67,2,RSB,100
105,2,RSB,100
53,2,RSB,100
37,2,RSB,100
55,2,RSB,100
39,2,RSB,100
38,2,RSB,100
51,2,RSB,100
30,2,RSB,100
89,2,RSB,100
64,2,RSB,100
98,2,RSB,100
55,2,RSB,100
54,2,RSB,100
61,2,RSB,100
50,2,RSB,100
62,2,RSB,100
65,2,RSB,100
81,2,RSB,100
104,2,DFS,100
74,2,DFS,100
58,2,DFS,100
64,2,DFS,100
115,2,DFS,100
33,2,DFS,100
44,2,DFS,100
68,2,DFS,100
57,2,DFS,100
141,2,DFS,100
19,2,DFS,100
42,2,DFS,100
31,2,DFS,100
33,2,DFS,100
56,2,DFS,100
17,2,DFS,100
68,2,DFS,100
44,2,DFS,100
44,2,DFS,100
72,2,DFS,100
49,2,DFS,100
26,2,DFS,100
44,2,DFS,100
79,2,DFS,100
61,2,DFS,100
82,2,DFS,100
59,2,DFS,100
60,2,DFS,100
90,2,DFS,100
50,2,DFS,100
28,2,DFS,100
41,2,DFS,100
35,2,DFS,100
37,2,DFS,100
49,2,DFS,100
29,2,DFS,100
76,2,DFS,100
49,2,DFS,100
89,2,DFS,100
45,2,DFS,100
48,2,DFS,100
48,2,DFS,100
47,2,DFS,100
54,2,DFS,100
59,2,DFS,100
85,2,DFS,100
45,2,SB,150
90,2,SB,150
70,2,SB,150
47,2,SB,150
73,2,SB,150
75,2,SB,150
59,2,SB,150
76,2,SB,150
59,2,SB,150
84,2,SB,150
47,2,SB,150
74,2,SB,150
34,2,SB,150
65,2,SB,150
55,2,SB,150
103,2,SB,150
53,2,SB,150
64,2,SB,150
62,2,SB,150
46,2,SB,150
73,2,SB,150
100,2,SB,150
53,2,SB,150
50,2,SB,150
91,2,SB,150
36,2,SB,150
64,2,SB,150
40,2,SB,150
49,2,SB,150
34,2,SB,150
29,2,SB,150
82,2,SB,150
56,2,SB,150
39,2,SB,150
47,2,SB,150
48,2,SB,150
44,2,SB,150
39,2,SB,150
59,2,SB,150
43,2,SB,150
105,2,SB,150
51,2,SB,150
37,2,SB,150
82,2,SB,150
58,2,SB,150
54,2,SB,150
40,2,SB,150
57,2,SB,150
30,2,SB,150
55,2,SB,150
32,2,RSB,150
93,2,RSB,150
77,2,RSB,150
48,2,RSB,150
88,2,RSB,150
71,2,RSB,150
64,2,RSB,150
84,2,RSB,150
50,2,RSB,150
80,2,RSB,150
53,2,RSB,150
72,2,RSB,150
30,2,RSB,150
59,2,RSB,150
62,2,RSB,150
111,2,RSB,150
57,2,RSB,150
55,2,RSB,150
57,2,RSB,150
45,2,RSB,150
81,2,RSB,150
100,2,RSB,150
56,2,RSB,150
53,2,RSB,150
92,2,RSB,150
49,2,RSB,150
52,2,RSB,150
43,2,RSB,150
49,2,RSB,150
36,2,RSB,150
34,2,RSB,150
80,2,RSB,150
59,2,RSB,150
42,2,RSB,150
55,2,RSB,150
51,2,RSB,150
43,2,RSB,150
55,2,RSB,150
65,2,RSB,150
40,2,RSB,150
114,2,RSB,150
49,2,RSB,150
37,2,RSB,150
91,2,RSB,150
67,2,RSB,150
57,2,RSB,150
49,2,RSB,150
58,2,RSB,150
31,2,RSB,150
53,2,RSB,150
33,2,RSB,150
76,2,RSB,150
69,2,RSB,150
45,2,RSB,150
79,2,RSB,150
77,2,RSB,150
57,2,RSB,150
68,2,RSB,150
55,2,RSB,150
73,2,RSB,150
44,2,RSB,150
65,2,RSB,150
30,2,RSB,150
57,2,RSB,150
49,2,RSB,150
93,2,RSB,150
45,2,RSB,150
53,2,RSB,150
50,2,RSB,150
44,2,RSB,150
68,2,RSB,150
94,2,RSB,150
52,2,RSB,150
48,2,RSB,150
80,2,RSB,150
36,2,RSB,150
53,2,RSB,150
34,2,RSB,150
46,2,RSB,150
33,2,RSB,150
26,2,RSB,150
73,2,RSB,150
50,2,RSB,150
38,2,RSB,150
46,2,RSB,150
48,2,RSB,150
42,2,RSB,150
35,2,RSB,150
53,2,RSB,150
41,2,RSB,150
101,2,RSB,150
46,2,RSB,150
33,2,RSB,150
79,2,RSB,150
61,2,RSB,150
58,2,RSB,150
41,2,RSB,150
62,2,RSB,150
28,2,RSB,150
41,2,RSB,150
29,2,DFS,150
72,2,DFS,150
55,2,DFS,150
42,2,DFS,150
71,2,DFS,150
59,2,DFS,150
46,2,DFS,150
61,2,DFS,150
44,2,DFS,150
70,2,DFS,150
36,2,DFS,150
64,2,DFS,150
30,2,DFS,150
50,2,DFS,150
48,2,DFS,150
99,2,DFS,150
38,2,DFS,150
47,2,DFS,150
48,2,DFS,150
39,2,DFS,150
61,2,DFS,150
88,2,DFS,150
42,2,DFS,150
37,2,DFS,150
66,2,DFS,150
33,2,DFS,150
41,2,DFS,150
34,2,DFS,150
39,2,DFS,150
25,2,DFS,150
24,2,DFS,150
55,2,DFS,150
57,2,DFS,150
32,2,DFS,150
40,2,DFS,150
37,2,DFS,150
37,2,DFS,150
33,2,DFS,150
47,2,DFS,150
38,2,DFS,150
83,2,DFS,150
42,2,DFS,150
30,2,DFS,150
65,2,DFS,150
40,2,DFS,150
49,2,DFS,150
36,2,DFS,150
51,2,DFS,150
26,2,DFS,150
32,2,DFS,150
63,3,SB,50
70,3,SB,50
63,3,SB,50
94,3,SB,50
35,3,SB,50
62,3,SB,50
41,3,SB,50
80,3,SB,50
25,3,SB,50
38,3,SB,50
32,3,SB,50
48,3,SB,50
81,3,SB,50
66,3,SB,50
88,3,SB,50
94,3,SB,50
52,3,SB,50
75,3,SB,50
59,3,SB,50
37,3,SB,50
69,3,SB,50
54,3,SB,50
55,3,SB,50
66,3,SB,50
73,3,SB,50
51,3,SB,50
35,3,SB,50
96,3,SB,50
57,3,SB,50
55,3,SB,50
90,3,SB,50
79,3,SB,50
84,3,SB,50
71,3,SB,50
53,3,SB,50
40,3,SB,50
46,3,SB,50
42,3,SB,50
38,3,SB,50
32,3,SB,50
93,3,SB,50
46,3,SB,50
62,3,SB,50
34,3,SB,50
59,3,SB,50
43,3,SB,50
86,3,SB,50
69,3,SB,50
43,3,SB,50
76,3,SB,50
61,3,RSB,50
74,3,RSB,50
66,3,RSB,50
80,3,RSB,50
36,3,RSB,50
68,3,RSB,50
40,3,RSB,50
87,3,RSB,50
28,3,RSB,50
37,3,RSB,50
40,3,RSB,50
55,3,RSB,50
75,3,RSB,50
62,3,RSB,50
85,3,RSB,50
102,3,RSB,50
50,3,RSB,50
77,3,RSB,50
50,3,RSB,50
33,3,RSB,50
63,3,RSB,50
63,3,RSB,50
49,3,RSB,50
76,3,RSB,50
71,3,RSB,50
68,3,RSB,50
34,3,RSB,50
98,3,RSB,50
56,3,RSB,50
48,3,RSB,50
97,3,RSB,50
69,3,RSB,50
93,3,RSB,50
71,3,RSB,50
67,3,RSB,50
52,3,RSB,50
46,3,RSB,50
46,3,RSB,50
45,3,RSB,50
31,3,RSB,50
100,3,RSB,50
42,3,RSB,50
69,3,RSB,50
35,3,RSB,50
67,3,RSB,50
45,3,RSB,50
95,3,RSB,50
70,3,RSB,50
44,3,RSB,50
77,3,RSB,50
58,3,RSB,50
63,3,RSB,50
61,3,RSB,50
71,3,RSB,50
31,3,RSB,50
63,3,RSB,50
39,3,RSB,50
78,3,RSB,50
26,3,RSB,50
39,3,RSB,50
35,3,RSB,50
50,3,RSB,50
72,3,RSB,50
56,3,RSB,50
75,3,RSB,50
89,3,RSB,50
49,3,RSB,50
69,3,RSB,50
53,3,RSB,50
34,3,RSB,50
62,3,RSB,50
55,3,RSB,50
43,3,RSB,50
65,3,RSB,50
66,3,RSB,50
50,3,RSB,50
31,3,RSB,50
89,3,RSB,50
59,3,RSB,50
49,3,RSB,50
85,3,RSB,50
62,3,RSB,50
80,3,RSB,50
66,3,RSB,50
55,3,RSB,50
49,3,RSB,50
41,3,RSB,50
44,3,RSB,50
37,3,RSB,50
27,3,RSB,50
80,3,RSB,50
41,3,RSB,50
60,3,RSB,50
28,3,RSB,50
59,3,RSB,50
37,3,RSB,50
76,3,RSB,50
71,3,RSB,50
39,3,RSB,50
70,3,RSB,50
53,3,DFS,50
62,3,DFS,50
54,3,DFS,50
71,3,DFS,50
28,3,DFS,50
54,3,DFS,50
34,3,DFS,50
71,3,DFS,50
21,3,DFS,50
34,3,DFS,50
30,3,DFS,50
41,3,DFS,50
88,3,DFS,50
49,3,DFS,50
74,3,DFS,50
89,3,DFS,50
42,3,DFS,50
63,3,DFS,50
46,3,DFS,50
29,3,DFS,50
61,3,DFS,50
48,3,DFS,50
41,3,DFS,50
77,3,DFS,50
59,3,DFS,50
50,3,DFS,50
31,3,DFS,50
76,3,DFS,50
58,3,DFS,50
45,3,DFS,50
75,3,DFS,50
89,3,DFS,50
84,3,DFS,50
54,3,DFS,50
51,3,DFS,50
45,3,DFS,50
38,3,DFS,50
41,3,DFS,50
36,3,DFS,50
25,3,DFS,50
61,3,DFS,50
36,3,DFS,50
53,3,DFS,50
27,3,DFS,50
55,3,DFS,50
37,3,DFS,50
74,3,DFS,50
60,3,DFS,50
50,3,DFS,50
62,3,DFS,50
62,3,SB,100
65,3,SB,100
44,3,SB,100
55,3,SB,100
51,3,SB,100
65,3,SB,100
45,3,SB,100
68,3,SB,100
66,3,SB,100
50,3,SB,100
90,3,SB,100
70,3,SB,100
49,3,SB,100
88,3,SB,100
35,3,SB,100
51,3,SB,100
96,3,SB,100
27,3,SB,100
88,3,SB,100
60,3,SB,100
61,3,SB,100
75,3,SB,100
70,3,SB,100
114,3,SB,100
58,3,SB,100
59,3,SB,100
45,3,SB,100
61,3,SB,100
31,3,SB,100
52,3,SB,100
47,3,SB,100
42,3,SB,100
46,3,SB,100
80,3,SB,100
61,3,SB,100
101,3,SB,100
45,3,SB,100
58,3,SB,100
41,3,SB,100
60,3,RSB,100
70,3,RSB,100
46,3,RSB,100
53,3,RSB,100
49,3,RSB,100
72,3,RSB,100
52,3,RSB,100
69,3,RSB,100
65,3,RSB,100
49,3,RSB,100
83,3,RSB,100
72,3,RSB,100
52,3,RSB,100
102,3,RSB,100
35,3,RSB,100
49,3,RSB,100
95,3,RSB,100
27,3,RSB,100
89,3,RSB,100
66,3,RSB,100
59,3,RSB,100
78,3,RSB,100
67,3,RSB,100
109,3,RSB,100
67,3,RSB,100
66,3,RSB,100
49,3,RSB,100
58,3,RSB,100
28,3,RSB,100
50,3,RSB,100
56,3,RSB,100
43,3,RSB,100
44,3,RSB,100
85,3,RSB,100
52,3,RSB,100
99,3,RSB,100
53,3,RSB,100
63,3,RSB,100
40,3,RSB,100
60,3,RSB,100
65,3,RSB,100
42,3,RSB,100
48,3,RSB,100
48,3,RSB,100
63,3,RSB,100
46,3,RSB,100
69,3,RSB,100
58,3,RSB,100
41,3,RSB,100
84,3,RSB,100
69,3,RSB,100
48,3,RSB,100
97,3,RSB,100
33,3,RSB,100
47,3,RSB,100
79,3,RSB,100
27,3,RSB,100
89,3,RSB,100
55,3,RSB,100
56,3,RSB,100
72,3,RSB,100
61,3,RSB,100
123,3,RSB,100
57,3,RSB,100
58,3,RSB,100
43,3,RSB,100
57,3,RSB,100
27,3,RSB,100
50,3,RSB,100
54,3,RSB,100
38,3,RSB,100
45,3,RSB,100
77,3,RSB,100
55,3,RSB,100
88,3,RSB,100
44,3,RSB,100
53,3,RSB,100
38,3,RSB,100
55,3,DFS,100
62,3,DFS,100
36,3,DFS,100
47,3,DFS,100
46,3,DFS,100
56,3,DFS,100
111,3,DFS,100
55,3,DFS,100
53,3,DFS,100
38,3,DFS,100
102,3,DFS,100
73,3,DFS,100
45,3,DFS,100
98,3,DFS,100
29,3,DFS,100
46,3,DFS,100
65,3,DFS,100
27,3,DFS,100
81,3,DFS,100
51,3,DFS,100
50,3,DFS,100
70,3,DFS,100
58,3,DFS,100
458,3,DFS,100
51,3,DFS,100
56,3,DFS,100
39,3,DFS,100
141,3,DFS,100
27,3,DFS,100
44,3,DFS,100
38,3,DFS,100
37,3,DFS,100
36,3,DFS,100
76,3,DFS,100
60,3,DFS,100
89,3,DFS,100
33,3,DFS,100
49,3,DFS,100
38,3,DFS,100
41,3,SB,150
93,3,SB,150
98,3,SB,150
85,3,SB,150
87,3,SB,150
85,3,SB,150
71,3,SB,150
57,3,SB,150
56,3,SB,150
34,3,SB,150
67,3,SB,150
90,3,SB,150
59,3,SB,150
74,3,SB,150
71,3,SB,150
42,3,SB,150
72,3,SB,150
43,3,SB,150
61,3,SB,150
59,3,SB,150
106,3,SB,150
41,3,SB,150
50,3,SB,150
102,3,SB,150
52,3,SB,150
67,3,SB,150
50,3,SB,150
43,3,SB,150
72,3,SB,150
42,3,SB,150
64,3,SB,150
38,3,SB,150
79,3,SB,150
66,3,SB,150
46,3,SB,150
68,3,SB,150
45,3,SB,150
56,3,SB,150
60,3,SB,150
71,3,SB,150
22,3,SB,150
45,3,SB,150
66,3,SB,150
100,3,SB,150
79,3,SB,150
65,3,SB,150
67,3,SB,150
98,3,SB,150
67,3,SB,150
41,3,RSB,150
85,3,RSB,150
101,3,RSB,150
92,3,RSB,150
95,3,RSB,150
84,3,RSB,150
79,3,RSB,150
57,3,RSB,150
55,3,RSB,150
34,3,RSB,150
72,3,RSB,150
103,3,RSB,150
59,3,RSB,150
80,3,RSB,150
67,3,RSB,150
46,3,RSB,150
77,3,RSB,150
43,3,RSB,150
64,3,RSB,150
57,3,RSB,150
71,3,RSB,150
41,3,RSB,150
47,3,RSB,150
108,3,RSB,150
60,3,RSB,150
67,3,RSB,150
50,3,RSB,150
48,3,RSB,150
83,3,RSB,150
53,3,RSB,150
67,3,RSB,150
36,3,RSB,150
75,3,RSB,150
58,3,RSB,150
49,3,RSB,150
69,3,RSB,150
48,3,RSB,150
62,3,RSB,150
68,3,RSB,150
78,3,RSB,150
21,3,RSB,150
38,3,RSB,150
79,3,RSB,150
79,3,RSB,150
91,3,RSB,150
74,3,RSB,150
69,3,RSB,150
85,3,RSB,150
66,3,RSB,150
38,3,RSB,150
64,3,RSB,150
90,3,RSB,150
86,3,RSB,150
85,3,RSB,150
89,3,RSB,150
69,3,RSB,150
54,3,RSB,150
51,3,RSB,150
35,3,RSB,150
64,3,RSB,150
109,3,RSB,150
54,3,RSB,150
69,3,RSB,150
63,3,RSB,150
41,3,RSB,150
67,3,RSB,150
42,3,RSB,150
57,3,RSB,150
54,3,RSB,150
71,3,RSB,150
40,3,RSB,150
50,3,RSB,150
95,3,RSB,150
48,3,RSB,150
61,3,RSB,150
49,3,RSB,150
45,3,RSB,150
75,3,RSB,150
42,3,RSB,150
66,3,RSB,150
34,3,RSB,150
70,3,RSB,150
58,3,RSB,150
47,3,RSB,150
72,3,RSB,150
40,3,RSB,150
63,3,RSB,150
59,3,RSB,150
73,3,RSB,150
23,3,RSB,150
37,3,RSB,150
66,3,RSB,150
77,3,RSB,150
82,3,RSB,150
63,3,RSB,150
66,3,RSB,150
82,3,RSB,150
63,3,RSB,150
38,3,DFS,150
77,3,DFS,150
86,3,DFS,150
81,3,DFS,150
82,3,DFS,150
72,3,DFS,150
60,3,DFS,150
48,3,DFS,150
49,3,DFS,150
32,3,DFS,150
58,3,DFS,150
98,3,DFS,150
53,3,DFS,150
64,3,DFS,150
67,3,DFS,150
39,3,DFS,150
67,3,DFS,150
39,3,DFS,150
52,3,DFS,150
54,3,DFS,150
90,3,DFS,150
39,3,DFS,150
42,3,DFS,150
90,3,DFS,150
45,3,DFS,150
55,3,DFS,150
45,3,DFS,150
41,3,DFS,150
62,3,DFS,150
41,3,DFS,150
58,3,DFS,150
33,3,DFS,150
137,3,DFS,150
58,3,DFS,150
46,3,DFS,150
62,3,DFS,150
40,3,DFS,150
51,3,DFS,150
58,3,DFS,150
61,3,DFS,150
19,3,DFS,150
36,3,DFS,150
63,3,DFS,150
118,3,DFS,150
75,3,DFS,150
59,3,DFS,150
64,3,DFS,150
80,3,DFS,150
60,3,DFS,150
36,4,SB,50
60,4,SB,50
58,4,SB,50
37,4,SB,50
32,4,SB,50
97,4,SB,50
31,4,SB,50
68,4,SB,50
50,4,SB,50
64,4,SB,50
36,4,SB,50
36,4,SB,50
71,4,SB,50
62,4,SB,50
51,4,SB,50
32,4,SB,50
66,4,SB,50
47,4,SB,50
36,4,SB,50
79,4,SB,50
61,4,SB,50
85,4,SB,50
48,4,SB,50
37,4,SB,50
63,4,SB,50
65,4,SB,50
69,4,SB,50
79,4,SB,50
46,4,SB,50
79,4,SB,50
61,4,SB,50
88,4,SB,50
51,4,SB,50
29,4,SB,50
71,4,SB,50
31,4,SB,50
93,4,SB,50
62,4,SB,50
65,4,SB,50
38,4,SB,50
58,4,SB,50
91,4,SB,50
54,4,SB,50
35,4,SB,50
58,4,SB,50
30,4,SB,50
77,4,SB,50
39,4,SB,50
39,4,RSB,50
83,4,RSB,50
54,4,RSB,50
34,4,RSB,50
42,4,RSB,50
108,4,RSB,50
39,4,RSB,50
83,4,RSB,50
60,4,RSB,50
81,4,RSB,50
44,4,RSB,50
41,4,RSB,50
86,4,RSB,50
63,4,RSB,50
51,4,RSB,50
44,4,RSB,50
69,4,RSB,50
58,4,RSB,50
39,4,RSB,50
86,4,RSB,50
81,4,RSB,50
88,4,RSB,50
48,4,RSB,50
47,4,RSB,50
74,4,RSB,50
81,4,RSB,50
87,4,RSB,50
85,4,RSB,50
50,4,RSB,50
81,4,RSB,50
59,4,RSB,50
116,4,RSB,50
56,4,RSB,50
30,4,RSB,50
81,4,RSB,50
33,4,RSB,50
106,4,RSB,50
70,4,RSB,50
74,4,RSB,50
45,4,RSB,50
68,4,RSB,50
108,4,RSB,50
69,4,RSB,50
44,4,RSB,50
68,4,RSB,50
36,4,RSB,50
84,4,RSB,50
46,4,RSB,50
42,4,RSB,50
59,4,RSB,50
52,4,RSB,50
34,4,RSB,50
45,4,RSB,50
107,4,RSB,50
39,4,RSB,50
77,4,RSB,50
54,4,RSB,50
62,4,RSB,50
34,4,RSB,50
38,4,RSB,50
79,4,RSB,50
60,4,RSB,50
47,4,RSB,50
27,4,RSB,50
73,4,RSB,50
42,4,RSB,50
46,4,RSB,50
86,4,RSB,50
62,4,RSB,50
82,4,RSB,50
47,4,RSB,50
37,4,RSB,50
76,4,RSB,50
68,4,RSB,50
73,4,RSB,50
74,4,RSB,50
54,4,RSB,50
89,4,RSB,50
53,4,RSB,50
92,4,RSB,50
52,4,RSB,50
38,4,RSB,50
76,4,RSB,50
34,4,RSB,50
99,4,RSB,50
61,4,RSB,50
68,4,RSB,50
66,4,RSB,50
62,4,RSB,50
96,4,RSB,50
63,4,RSB,50
40,4,RSB,50
62,4,RSB,50
30,4,RSB,50
75,4,RSB,50
48,4,RSB,50
82,4,DFS,50
46,4,DFS,50
40,4,DFS,50
33,4,DFS,50
120,4,DFS,50
78,4,DFS,50
25,4,DFS,50
55,4,DFS,50
42,4,DFS,50
203,4,DFS,50
30,4,DFS,50
34,4,DFS,50
59,4,DFS,50
76,4,DFS,50
61,4,DFS,50
25,4,DFS,50
58,4,DFS,50
36,4,DFS,50
31,4,DFS,50
69,4,DFS,50
56,4,DFS,50
82,4,DFS,50
34,4,DFS,50
30,4,DFS,50
64,4,DFS,50
52,4,DFS,50
100,4,DFS,50
75,4,DFS,50
41,4,DFS,50
193,4,DFS,50
48,4,DFS,50
72,4,DFS,50
422,4,DFS,50
26,4,DFS,50
60,4,DFS,50
28,4,DFS,50
96,4,DFS,50
202,4,DFS,50
51,4,DFS,50
93,4,DFS,50
50,4,DFS,50
74,4,DFS,50
43,4,DFS,50
73,4,DFS,50
70,4,DFS,50
27,4,DFS,50
54,4,DFS,50
59,4,DFS,50
46,4,SB,100
30,4,SB,100
71,4,SB,100
45,4,SB,100
84,4,SB,100
68,4,SB,100
57,4,SB,100
79,4,SB,100
97,4,SB,100
65,4,SB,100
46,4,SB,100
86,4,SB,100
105,4,SB,100
33,4,SB,100
92,4,SB,100
58,4,SB,100
47,4,SB,100
58,4,SB,100
56,4,SB,100
50,4,SB,100
81,4,SB,100
98,4,SB,100
119,4,SB,100
65,4,SB,100
110,4,SB,100
106,4,SB,100
77,4,SB,100
46,4,SB,100
102,4,SB,100
69,4,SB,100
64,4,SB,100
107,4,SB,100
44,4,SB,100
130,4,SB,100
57,4,SB,100
54,4,SB,100
48,4,RSB,100
43,4,RSB,100
77,4,RSB,100
39,4,RSB,100
106,4,RSB,100
74,4,RSB,100
62,4,RSB,100
78,4,RSB,100
116,4,RSB,100
65,4,RSB,100
52,4,RSB,100
89,4,RSB,100
115,4,RSB,100
42,4,RSB,100
95,4,RSB,100
65,4,RSB,100
57,4,RSB,100
73,4,RSB,100
65,4,RSB,100
66,4,RSB,100
95,4,RSB,100
99,4,RSB,100
146,4,RSB,100
73,4,RSB,100
108,4,RSB,100
118,4,RSB,100
92,4,RSB,100
50,4,RSB,100
92,4,RSB,100
80,4,RSB,100
80,4,RSB,100
117,4,RSB,100
49,4,RSB,100
112,4,RSB,100
52,4,RSB,100
65,4,RSB,100
43,4,RSB,100
28,4,RSB,100
71,4,RSB,100
40,4,RSB,100
87,4,RSB,100
72,4,RSB,100
59,4,RSB,100
77,4,RSB,100
108,4,RSB,100
66,4,RSB,100
45,4,RSB,100
93,4,RSB,100
109,4,RSB,100
28,4,RSB,100
98,4,RSB,100
63,4,RSB,100
52,4,RSB,100
67,4,RSB,100
57,4,RSB,100
54,4,RSB,100
87,4,RSB,100
78,4,RSB,100
112,4,RSB,100
60,4,RSB,100
116,4,RSB,100
87,4,RSB,100
88,4,RSB,100
51,4,RSB,100
95,4,RSB,100
73,4,RSB,100
59,4,RSB,100
117,4,RSB,100
44,4,RSB,100
92,4,RSB,100
49,4,RSB,100
62,4,RSB,100
40,4,DFS,100
26,4,DFS,100
76,4,DFS,100
69,4,DFS,100
121,4,DFS,100
54,4,DFS,100
148,4,DFS,100
60,4,DFS,100
102,4,DFS,100
59,4,DFS,100
37,4,DFS,100
168,4,DFS,100
148,4,DFS,100
26,4,DFS,100
81,4,DFS,100
47,4,DFS,100
44,4,DFS,100
55,4,DFS,100
51,4,DFS,100
39,4,DFS,100
77,4,DFS,100
186,4,DFS,100
286,4,DFS,100
1508,4,DFS,100
154,4,DFS,100
480,4,DFS,100
65,4,DFS,100
39,4,DFS,100
98,4,DFS,100
51,4,DFS,100
55,4,DFS,100
80,4,DFS,100
37,4,DFS,100
118,4,DFS,100
49,4,DFS,100
40,4,DFS,100
79,4,SB,150
82,4,SB,150
40,4,SB,150
66,4,SB,150
92,4,SB,150
36,4,SB,150
62,4,SB,150
32,4,SB,150
86,4,SB,150
56,4,SB,150
67,4,SB,150
33,4,SB,150
63,4,SB,150
65,4,SB,150
46,4,SB,150
76,4,SB,150
61,4,SB,150
94,4,SB,150
82,4,SB,150
78,4,SB,150
89,4,SB,150
74,4,SB,150
40,4,SB,150
78,4,SB,150
95,4,SB,150
61,4,SB,150
64,4,SB,150
57,4,SB,150
63,4,SB,150
85,4,SB,150
59,4,SB,150
55,4,SB,150
40,4,SB,150
71,4,SB,150
78,4,SB,150
83,4,SB,150
63,4,SB,150
43,4,SB,150
66,4,SB,150
62,4,SB,150
69,4,SB,150
80,4,SB,150
89,4,SB,150
86,4,SB,150
75,4,SB,150
93,4,SB,150
74,4,SB,150
81,4,SB,150
82,4,SB,150
80,4,RSB,150
94,4,RSB,150
43,4,RSB,150
78,4,RSB,150
124,4,RSB,150
45,4,RSB,150
80,4,RSB,150
30,4,RSB,150
105,4,RSB,150
81,4,RSB,150
84,4,RSB,150
44,4,RSB,150
68,4,RSB,150
61,4,RSB,150
41,4,RSB,150
94,4,RSB,150
76,4,RSB,150
116,4,RSB,150
102,4,RSB,150
93,4,RSB,150
97,4,RSB,150
86,4,RSB,150
47,4,RSB,150
91,4,RSB,150
103,4,RSB,150
63,4,RSB,150
86,4,RSB,150
61,4,RSB,150
53,4,RSB,150
91,4,RSB,150
64,4,RSB,150
54,4,RSB,150
45,4,RSB,150
76,4,RSB,150
98,4,RSB,150
89,4,RSB,150
81,4,RSB,150
72,4,RSB,150
70,4,RSB,150
71,4,RSB,150
98,4,RSB,150
93,4,RSB,150
103,4,RSB,150
139,4,RSB,150
90,4,RSB,150
86,4,RSB,150
66,4,RSB,150
79,4,RSB,150
112,4,RSB,150
70,4,RSB,150
78,4,RSB,150
38,4,RSB,150
63,4,RSB,150
105,4,RSB,150
45,4,RSB,150
63,4,RSB,150
35,4,RSB,150
95,4,RSB,150
71,4,RSB,150
75,4,RSB,150
40,4,RSB,150
61,4,RSB,150
56,4,RSB,150
41,4,RSB,150
82,4,RSB,150
73,4,RSB,150
118,4,RSB,150
93,4,RSB,150
96,4,RSB,150
85,4,RSB,150
74,4,RSB,150
42,4,RSB,150
78,4,RSB,150
100,4,RSB,150
60,4,RSB,150
81,4,RSB,150
50,4,RSB,150
69,4,RSB,150
96,4,RSB,150
61,4,RSB,150
51,4,RSB,150
45,4,RSB,150
67,4,RSB,150
83,4,RSB,150
84,4,RSB,150
61,4,RSB,150
49,4,RSB,150
65,4,RSB,150
62,4,RSB,150
86,4,RSB,150
79,4,RSB,150
95,4,RSB,150
89,4,RSB,150
82,4,RSB,150
94,4,RSB,150
75,4,RSB,150
77,4,RSB,150
87,4,RSB,150
58,4,DFS,150
66,4,DFS,150
35,4,DFS,150
57,4,DFS,150
103,4,DFS,150
32,4,DFS,150
50,4,DFS,150
28,4,DFS,150
87,4,DFS,150
48,4,DFS,150
60,4,DFS,150
32,4,DFS,150
58,4,DFS,150
53,4,DFS,150
37,4,DFS,150
75,4,DFS,150
54,4,DFS,150
90,4,DFS,150
71,4,DFS,150
68,4,DFS,150
85,4,DFS,150
62,4,DFS,150
36,4,DFS,150
91,4,DFS,150
87,4,DFS,150
51,4,DFS,150
58,4,DFS,150
47,4,DFS,150
64,4,DFS,150
69,4,DFS,150
54,4,DFS,150
46,4,DFS,150
38,4,DFS,150
56,4,DFS,150
127,4,DFS,150
68,4,DFS,150
57,4,DFS,150
40,4,DFS,150
56,4,DFS,150
67,4,DFS,150
59,4,DFS,150
72,4,DFS,150
84,4,DFS,150
104,4,DFS,150
65,4,DFS,150
135,4,DFS,150
68,4,DFS,150
66,4,DFS,150
146,4,DFS,150
71,5,SB,50
48,5,SB,50
109,5,SB,50
57,5,SB,50
73,5,SB,50
84,5,SB,50
48,5,SB,50
76,5,SB,50
112,5,SB,50
43,5,SB,50
50,5,SB,50
81,5,SB,50
56,5,SB,50
78,5,SB,50
130,5,SB,50
64,5,SB,50
105,5,SB,50
72,5,SB,50
94,5,SB,50
111,5,SB,50
40,5,SB,50
113,5,SB,50
80,5,SB,50
103,5,SB,50
99,5,SB,50
134,5,SB,50
95,5,SB,50
86,5,SB,50
101,5,SB,50
80,5,SB,50
39,5,SB,50
61,5,SB,50
82,5,SB,50
34,5,SB,50
105,5,SB,50
79,5,SB,50
72,5,SB,50
72,5,SB,50
53,5,SB,50
51,5,SB,50
92,5,RSB,50
40,5,RSB,50
93,5,RSB,50
59,5,RSB,50
71,5,RSB,50
99,5,RSB,50
69,5,RSB,50
94,5,RSB,50
127,5,RSB,50
51,5,RSB,50
56,5,RSB,50
112,5,RSB,50
70,5,RSB,50
84,5,RSB,50
181,5,RSB,50
82,5,RSB,50
102,5,RSB,50
64,5,RSB,50
96,5,RSB,50
113,5,RSB,50
50,5,RSB,50
117,5,RSB,50
84,5,RSB,50
112,5,RSB,50
138,5,RSB,50
151,5,RSB,50
99,5,RSB,50
100,5,RSB,50
110,5,RSB,50
84,5,RSB,50
47,5,RSB,50
80,5,RSB,50
86,5,RSB,50
42,5,RSB,50
126,5,RSB,50
88,5,RSB,50
75,5,RSB,50
77,5,RSB,50
59,5,RSB,50
67,5,RSB,50
78,5,RSB,50
55,5,RSB,50
102,5,RSB,50
58,5,RSB,50
75,5,RSB,50
96,5,RSB,50
48,5,RSB,50
79,5,RSB,50
128,5,RSB,50
45,5,RSB,50
55,5,RSB,50
75,5,RSB,50
58,5,RSB,50
70,5,RSB,50
128,5,RSB,50
60,5,RSB,50
115,5,RSB,50
70,5,RSB,50
85,5,RSB,50
96,5,RSB,50
41,5,RSB,50
94,5,RSB,50
82,5,RSB,50
111,5,RSB,50
127,5,RSB,50
134,5,RSB,50
72,5,RSB,50
69,5,RSB,50
96,5,RSB,50
76,5,RSB,50
43,5,RSB,50
61,5,RSB,50
85,5,RSB,50
41,5,RSB,50
122,5,RSB,50
81,5,RSB,50
75,5,RSB,50
83,5,RSB,50
53,5,RSB,50
66,5,RSB,50
50,5,DFS,50
47,5,DFS,50
64,5,DFS,50
40,5,DFS,50
61,5,DFS,50
79,5,DFS,50
55,5,DFS,50
57,5,DFS,50
85,5,DFS,50
33,5,DFS,50
323,5,DFS,50
77,5,DFS,50
36,5,DFS,50
48,5,DFS,50
120,5,DFS,50
101,5,DFS,50
59,5,DFS,50
56,5,DFS,50
171,5,DFS,50
82,5,DFS,50
35,5,DFS,50
489,5,DFS,50
50,5,DFS,50
82,5,DFS,50
133,5,DFS,50
282,5,DFS,50
74,5,DFS,50
46,5,DFS,50
62,5,DFS,50
60,5,DFS,50
31,5,DFS,50
44,5,DFS,50
59,5,DFS,50
23,5,DFS,50
81,5,DFS,50
63,5,DFS,50
58,5,DFS,50
277,5,DFS,50
40,5,DFS,50
44,5,DFS,50
66,5,SB,100
64,5,SB,100
71,5,SB,100
75,5,SB,100
96,5,SB,100
60,5,SB,100
85,5,SB,100
86,5,SB,100
50,5,SB,100
76,5,SB,100
58,5,SB,100
76,5,SB,100
81,5,SB,100
86,5,SB,100
86,5,SB,100
74,5,SB,100
73,5,SB,100
49,5,SB,100
72,5,SB,100
94,5,SB,100
120,5,SB,100
79,5,SB,100
45,5,SB,100
81,5,SB,100
142,5,SB,100
114,5,SB,100
66,5,SB,100
76,5,SB,100
43,5,SB,100
96,5,SB,100
95,5,SB,100
62,5,SB,100
81,5,SB,100
80,5,SB,100
75,5,SB,100
55,5,SB,100
92,5,SB,100
81,5,RSB,100
67,5,RSB,100
99,5,RSB,100
97,5,RSB,100
101,5,RSB,100
73,5,RSB,100
117,5,RSB,100
118,5,RSB,100
50,5,RSB,100
86,5,RSB,100
62,5,RSB,100
104,5,RSB,100
86,5,RSB,100
96,5,RSB,100
88,5,RSB,100
86,5,RSB,100
80,5,RSB,100
64,5,RSB,100
86,5,RSB,100
104,5,RSB,100
115,5,RSB,100
105,5,RSB,100
45,5,RSB,100
79,5,RSB,100
169,5,RSB,100
163,5,RSB,100
69,5,RSB,100
81,5,RSB,100
73,5,RSB,100
87,5,RSB,100
118,5,RSB,100
64,5,RSB,100
84,5,RSB,100
94,5,RSB,100
95,5,RSB,100
67,5,RSB,100
146,5,RSB,100
63,5,RSB,100
74,5,RSB,100
96,5,RSB,100
89,5,RSB,100
87,5,RSB,100
57,5,RSB,100
106,5,RSB,100
104,5,RSB,100
53,5,RSB,100
74,5,RSB,100
55,5,RSB,100
88,5,RSB,100
104,5,RSB,100
82,5,RSB,100
87,5,RSB,100
85,5,RSB,100
73,5,RSB,100
60,5,RSB,100
89,5,RSB,100
93,5,RSB,100
101,5,RSB,100
114,5,RSB,100
34,5,RSB,100
72,5,RSB,100
133,5,RSB,100
156,5,RSB,100
63,5,RSB,100
74,5,RSB,100
47,5,RSB,100
79,5,RSB,100
101,5,RSB,100
59,5,RSB,100
75,5,RSB,100
77,5,RSB,100
84,5,RSB,100
55,5,RSB,100
120,5,RSB,100
106,5,DFS,100
56,5,DFS,100
85,5,DFS,100
58,5,DFS,100
87,5,DFS,100
40,5,DFS,100
67,5,DFS,100
59,5,DFS,100
235,5,DFS,100
53,5,DFS,100
36,5,DFS,100
67,5,DFS,100
64,5,DFS,100
62,5,DFS,100
269,5,DFS,100
54,5,DFS,100
54,5,DFS,100
283,5,DFS,100
58,5,DFS,100
93,5,DFS,100
109,5,DFS,100
67,5,DFS,100
25,5,DFS,100
92,5,DFS,100
238,5,DFS,100
319,5,DFS,100
59,5,DFS,100
53,5,DFS,100
34,5,DFS,100
58,5,DFS,100
456,5,DFS,100
47,5,DFS,100
55,5,DFS,100
55,5,DFS,100
104,5,DFS,100
47,5,DFS,100
87,5,DFS,100
77,5,SB,150
74,5,SB,150
87,5,SB,150
101,5,SB,150
76,5,SB,150
64,5,SB,150
103,5,SB,150
72,5,SB,150
64,5,SB,150
103,5,SB,150
67,5,SB,150
44,5,SB,150
72,5,SB,150
50,5,SB,150
44,5,SB,150
95,5,SB,150
97,5,SB,150
56,5,SB,150
91,5,SB,150
84,5,SB,150
83,5,SB,150
89,5,SB,150
44,5,SB,150
60,5,SB,150
78,5,SB,150
44,5,SB,150
51,5,SB,150
84,5,SB,150
68,5,SB,150
60,5,SB,150
59,5,SB,150
103,5,SB,150
141,5,SB,150
101,5,SB,150
27,5,SB,150
69,5,SB,150
100,5,SB,150
62,5,SB,150
99,5,SB,150
60,5,SB,150
78,5,SB,150
99,5,SB,150
81,5,SB,150
94,5,SB,150
96,5,SB,150
93,5,SB,150
73,5,SB,150
65,5,SB,150
59,5,SB,150
41,5,SB,150
106,5,RSB,150
87,5,RSB,150
109,5,RSB,150
116,5,RSB,150
82,5,RSB,150
76,5,RSB,150
114,5,RSB,150
106,5,RSB,150
75,5,RSB,150
125,5,RSB,150
88,5,RSB,150
62,5,RSB,150
76,5,RSB,150
58,5,RSB,150
56,5,RSB,150
106,5,RSB,150
115,5,RSB,150
72,5,RSB,150
95,5,RSB,150
93,5,RSB,150
139,5,RSB,150
101,5,RSB,150
47,5,RSB,150
73,5,RSB,150
91,5,RSB,150
62,5,RSB,150
77,5,RSB,150
99,5,RSB,150
91,5,RSB,150
75,5,RSB,150
58,5,RSB,150
186,5,RSB,150
149,5,RSB,150
122,5,RSB,150
36,5,RSB,150
76,5,RSB,150
92,5,RSB,150
61,5,RSB,150
115,5,RSB,150
71,5,RSB,150
114,5,RSB,150
114,5,RSB,150
81,5,RSB,150
98,5,RSB,150
112,5,RSB,150
97,5,RSB,150
88,5,RSB,150
77,5,RSB,150
67,5,RSB,150
40,5,RSB,150
85,5,RSB,150
83,5,RSB,150
97,5,RSB,150
128,5,RSB,150
67,5,RSB,150
72,5,RSB,150
105,5,RSB,150
91,5,RSB,150
74,5,RSB,150
102,5,RSB,150
68,5,RSB,150
64,5,RSB,150
128,5,RSB,150
52,5,RSB,150
49,5,RSB,150
101,5,RSB,150
94,5,RSB,150
77,5,RSB,150
82,5,RSB,150
92,5,RSB,150
88,5,RSB,150
83,5,RSB,150
47,5,RSB,150
68,5,RSB,150
78,5,RSB,150
56,5,RSB,150
62,5,RSB,150
90,5,RSB,150
67,5,RSB,150
76,5,RSB,150
62,5,RSB,150
135,5,RSB,150
129,5,RSB,150
161,5,RSB,150
31,5,RSB,150
82,5,RSB,150
89,5,RSB,150
66,5,RSB,150
99,5,RSB,150
59,5,RSB,150
95,5,RSB,150
100,5,RSB,150
82,5,RSB,150
94,5,RSB,150
92,5,RSB,150
82,5,RSB,150
87,5,RSB,150
61,5,RSB,150
60,5,RSB,150
35,5,RSB,150
65,5,DFS,150
60,5,DFS,150
462,5,DFS,150
111,5,DFS,150
54,5,DFS,150
58,5,DFS,150
76,5,DFS,150
57,5,DFS,150
84,5,DFS,150
505,5,DFS,150
58,5,DFS,150
51,5,DFS,150
102,5,DFS,150
40,5,DFS,150
34,5,DFS,150
78,5,DFS,150
71,5,DFS,150
42,5,DFS,150
72,5,DFS,150
61,5,DFS,150
72,5,DFS,150
68,5,DFS,150
32,5,DFS,150
43,5,DFS,150
60,5,DFS,150
39,5,DFS,150
64,5,DFS,150
71,5,DFS,150
49,5,DFS,150
47,5,DFS,150
44,5,DFS,150
146,5,DFS,150
104,5,DFS,150
130,5,DFS,150
24,5,DFS,150
54,5,DFS,150
68,5,DFS,150
42,5,DFS,150
90,5,DFS,150
52,5,DFS,150
65,5,DFS,150
72,5,DFS,150
60,5,DFS,150
77,5,DFS,150
74,5,DFS,150
61,5,DFS,150
64,5,DFS,150
48,5,DFS,150
45,5,DFS,150
30,5,DFS,150
54,6,SB,50
85,6,SB,50
120,6,SB,50
135,6,SB,50
40,6,SB,50
151,6,SB,50
70,6,SB,50
34,6,SB,50
85,6,SB,50
40,6,SB,50
47,6,SB,50
112,6,SB,50
106,6,SB,50
54,6,SB,50
85,6,SB,50
45,6,SB,50
71,6,SB,50
84,6,SB,50
52,6,SB,50
76,6,SB,50
102,6,SB,50
51,6,SB,50
81,6,SB,50
65,6,SB,50
84,6,SB,50
88,6,SB,50
74,6,SB,50
71,6,SB,50
78,6,SB,50
95,6,SB,50
48,6,SB,50
51,6,RSB,50
178,6,RSB,50
116,6,RSB,50
189,6,RSB,50
56,6,RSB,50
190,6,RSB,50
56,6,RSB,50
36,6,RSB,50
63,6,RSB,50
45,6,RSB,50
45,6,RSB,50
147,6,RSB,50
121,6,RSB,50
72,6,RSB,50
82,6,RSB,50
43,6,RSB,50
104,6,RSB,50
111,6,RSB,50
61,6,RSB,50
95,6,RSB,50
125,6,RSB,50
58,6,RSB,50
87,6,RSB,50
58,6,RSB,50
91,6,RSB,50
102,6,RSB,50
102,6,RSB,50
93,6,RSB,50
96,6,RSB,50
126,6,RSB,50
46,6,RSB,50
43,6,RSB,50
121,6,RSB,50
90,6,RSB,50
151,6,RSB,50
54,6,RSB,50
169,6,RSB,50
65,6,RSB,50
34,6,RSB,50
74,6,RSB,50
43,6,RSB,50
46,6,RSB,50
140,6,RSB,50
98,6,RSB,50
68,6,RSB,50
75,6,RSB,50
50,6,RSB,50
92,6,RSB,50
73,6,RSB,50
54,6,RSB,50
88,6,RSB,50
138,6,RSB,50
54,6,RSB,50
71,6,RSB,50
59,6,RSB,50
81,6,RSB,50
97,6,RSB,50
83,6,RSB,50
74,6,RSB,50
86,6,RSB,50
95,6,RSB,50
57,6,RSB,50
31,6,DFS,50
59,6,DFS,50
85,6,DFS,50
82,6,DFS,50
33,6,DFS,50
116,6,DFS,50
34,6,DFS,50
25,6,DFS,50
39,6,DFS,50
27,6,DFS,50
25,6,DFS,50
86,6,DFS,50
67,6,DFS,50
32,6,DFS,50
51,6,DFS,50
30,6,DFS,50
46,6,DFS,50
106,6,DFS,50
34,6,DFS,50
46,6,DFS,50
77,6,DFS,50
40,6,DFS,50
52,6,DFS,50
38,6,DFS,50
56,6,DFS,50
61,6,DFS,50
45,6,DFS,50
61,6,DFS,50
52,6,DFS,50
116,6,DFS,50
33,6,DFS,50
116,6,SB,100
65,6,SB,100
73,6,SB,100
105,6,SB,100
74,6,SB,100
68,6,SB,100
88,6,SB,100
90,6,SB,100
96,6,SB,100
90,6,SB,100
71,6,SB,100
158,6,SB,100
98,6,SB,100
63,6,SB,100
127,6,SB,100
79,6,SB,100
80,6,SB,100
80,6,SB,100
51,6,SB,100
122,6,SB,100
48,6,SB,100
53,6,SB,100
42,6,SB,100
64,6,SB,100
123,6,SB,100
104,6,SB,100
85,6,SB,100
93,6,SB,100
43,6,SB,100
121,6,SB,100
86,6,SB,100
92,6,SB,100
110,6,SB,100
189,6,RSB,100
78,6,RSB,100
151,6,RSB,100
119,6,RSB,100
85,6,RSB,100
71,6,RSB,100
108,6,RSB,100
99,6,RSB,100
125,6,RSB,100
115,6,RSB,100
63,6,RSB,100
140,6,RSB,100
118,6,RSB,100
72,6,RSB,100
122,6,RSB,100
102,6,RSB,100
100,6,RSB,100
79,6,RSB,100
64,6,RSB,100
155,6,RSB,100
50,6,RSB,100
81,6,RSB,100
53,6,RSB,100
72,6,RSB,100
158,6,RSB,100
87,6,RSB,100
96,6,RSB,100
149,6,RSB,100
63,6,RSB,100
141,6,RSB,100
89,6,RSB,100
106,6,RSB,100
168,6,RSB,100
116,6,RSB,100
72,6,RSB,100
74,6,RSB,100
117,6,RSB,100
71,6,RSB,100
73,6,RSB,100
92,6,RSB,100
91,6,RSB,100
87,6,RSB,100
103,6,RSB,100
72,6,RSB,100
149,6,RSB,100
91,6,RSB,100
69,6,RSB,100
146,6,RSB,100
123,6,RSB,100
110,6,RSB,100
78,6,RSB,100
53,6,RSB,100
132,6,RSB,100
41,6,RSB,100
75,6,RSB,100
43,6,RSB,100
72,6,RSB,100
146,6,RSB,100
110,6,RSB,100
93,6,RSB,100
85,6,RSB,100
59,6,RSB,100
139,6,RSB,100
102,6,RSB,100
93,6,RSB,100
123,6,RSB,100
85,6,DFS,100
43,6,DFS,100
378,6,DFS,100
74,6,DFS,100
55,6,DFS,100
54,6,DFS,100
57,6,DFS,100
57,6,DFS,100
58,6,DFS,100
61,6,DFS,100
47,6,DFS,100
82,6,DFS,100
153,6,DFS,100
44,6,DFS,100
79,6,DFS,100
64,6,DFS,100
46,6,DFS,100
48,6,DFS,100
37,6,DFS,100
485,6,DFS,100
36,6,DFS,100
37,6,DFS,100
35,6,DFS,100
40,6,DFS,100
99,6,DFS,100
60,6,DFS,100
61,6,DFS,100
56,6,DFS,100
36,6,DFS,100
88,6,DFS,100
80,6,DFS,100
123,6,DFS,100
77,6,DFS,100
107,6,SB,150
96,6,SB,150
59,6,SB,150
107,6,SB,150
84,6,SB,150
82,6,SB,150
95,6,SB,150
106,6,SB,150
70,6,SB,150
101,6,SB,150
107,6,SB,150
111,6,SB,150
114,6,SB,150
77,6,SB,150
66,6,SB,150
90,6,SB,150
74,6,SB,150
100,6,SB,150
84,6,SB,150
110,6,SB,150
102,6,SB,150
130,6,SB,150
61,6,SB,150
80,6,SB,150
120,6,SB,150
99,6,SB,150
87,6,SB,150
66,6,SB,150
80,6,SB,150
96,6,SB,150
94,6,SB,150
106,6,SB,150
102,6,SB,150
99,6,SB,150
75,6,SB,150
66,6,SB,150
81,6,SB,150
86,6,SB,150
85,6,SB,150
104,6,SB,150
119,6,SB,150
96,6,SB,150
108,6,SB,150
123,6,SB,150
81,6,SB,150
109,6,RSB,150
92,6,RSB,150
80,6,RSB,150
136,6,RSB,150
86,6,RSB,150
131,6,RSB,150
127,6,RSB,150
85,6,RSB,150
99,6,RSB,150
117,6,RSB,150
105,6,RSB,150
156,6,RSB,150
120,6,RSB,150
97,6,RSB,150
63,6,RSB,150
98,6,RSB,150
83,6,RSB,150
149,6,RSB,150
103,6,RSB,150
138,6,RSB,150
116,6,RSB,150
153,6,RSB,150
75,6,RSB,150
93,6,RSB,150
157,6,RSB,150
117,6,RSB,150
78,6,RSB,150
118,6,RSB,150
109,6,RSB,150
150,6,RSB,150
93,6,RSB,150
137,6,RSB,150
111,6,RSB,150
125,6,RSB,150
76,6,RSB,150
170,6,RSB,150
104,6,RSB,150
102,6,RSB,150
103,6,RSB,150
125,6,RSB,150
107,6,RSB,150
128,6,RSB,150
125,6,RSB,150
163,6,RSB,150
86,6,RSB,150
93,6,RSB,150
101,6,RSB,150
67,6,RSB,150
122,6,RSB,150
87,6,RSB,150
97,6,RSB,150
119,6,RSB,150
91,6,RSB,150
66,6,RSB,150
111,6,RSB,150
95,6,RSB,150
115,6,RSB,150
102,6,RSB,150
106,6,RSB,150
68,6,RSB,150
73,6,RSB,150
72,6,RSB,150
104,6,RSB,150
86,6,RSB,150
135,6,RSB,150
117,6,RSB,150
126,6,RSB,150
54,6,RSB,150
93,6,RSB,150
103,6,RSB,150
103,6,RSB,150
75,6,RSB,150
74,6,RSB,150
83,6,RSB,150
95,6,RSB,150
95,6,RSB,150
123,6,RSB,150
130,6,RSB,150
109,6,RSB,150
76,6,RSB,150
125,6,RSB,150
78,6,RSB,150
84,6,RSB,150
85,6,RSB,150
79,6,RSB,150
118,6,RSB,150
105,6,RSB,150
136,6,RSB,150
123,6,RSB,150
89,6,RSB,150
76,6,DFS,150
56,6,DFS,150
43,6,DFS,150
75,6,DFS,150
59,6,DFS,150
65,6,DFS,150
81,6,DFS,150
63,6,DFS,150
52,6,DFS,150
249,6,DFS,150
77,6,DFS,150
119,6,DFS,150
84,6,DFS,150
67,6,DFS,150
43,6,DFS,150
54,6,DFS,150
50,6,DFS,150
71,6,DFS,150
57,6,DFS,150
77,6,DFS,150
80,6,DFS,150
96,6,DFS,150
43,6,DFS,150
58,6,DFS,150
66,6,DFS,150
66,6,DFS,150
96,6,DFS,150
185,6,DFS,150
49,6,DFS,150
80,6,DFS,150
65,6,DFS,150
64,6,DFS,150
79,6,DFS,150
115,6,DFS,150
51,6,DFS,150
58,6,DFS,150
49,6,DFS,150
58,6,DFS,150
56,6,DFS,150
54,6,DFS,150
74,6,DFS,150
73,6,DFS,150
94,6,DFS,150
98,6,DFS,150
86,6,DFS,150
94,7,SB,50
93,7,SB,50
77,7,SB,50
120,7,SB,50
69,7,SB,50
64,7,SB,50
111,7,SB,50
71,7,SB,50
137,7,SB,50
93,7,SB,50
72,7,SB,50
142,7,SB,50
80,7,SB,50
123,7,SB,50
84,7,SB,50
80,7,SB,50
61,7,SB,50
73,7,SB,50
79,7,SB,50
76,7,SB,50
104,7,SB,50
101,7,SB,50
85,7,SB,50
91,7,SB,50
81,7,RSB,50
120,7,RSB,50
102,7,RSB,50
116,7,RSB,50
80,7,RSB,50
90,7,RSB,50
123,7,RSB,50
77,7,RSB,50
150,7,RSB,50
142,7,RSB,50
95,7,RSB,50
184,7,RSB,50
162,7,RSB,50
145,7,RSB,50
123,7,RSB,50
104,7,RSB,50
83,7,RSB,50
98,7,RSB,50
102,7,RSB,50
92,7,RSB,50
137,7,RSB,50
101,7,RSB,50
103,7,RSB,50
101,7,RSB,50
81,7,RSB,50
99,7,RSB,50
68,7,RSB,50
85,7,RSB,50
67,7,RSB,50
67,7,RSB,50
101,7,RSB,50
75,7,RSB,50
183,7,RSB,50
114,7,RSB,50
70,7,RSB,50
126,7,RSB,50
96,7,RSB,50
239,7,RSB,50
120,7,RSB,50
88,7,RSB,50
64,7,RSB,50
114,7,RSB,50
79,7,RSB,50
56,7,RSB,50
142,7,RSB,50
94,7,RSB,50
86,7,RSB,50
97,7,RSB,50
43,7,DFS,50
72,7,DFS,50
42,7,DFS,50
54,7,DFS,50
40,7,DFS,50
86,7,DFS,50
54,7,DFS,50
44,7,DFS,50
66,7,DFS,50
62,7,DFS,50
35,7,DFS,50
63,7,DFS,50
96,7,DFS,50
66,7,DFS,50
48,7,DFS,50
44,7,DFS,50
56,7,DFS,50
46,7,DFS,50
43,7,DFS,50
38,7,DFS,50
79,7,DFS,50
185,7,DFS,50
72,7,DFS,50
46,7,DFS,50
100,7,SB,100
133,7,SB,100
104,7,SB,100
68,7,SB,100
127,7,SB,100
119,7,SB,100
83,7,SB,100
53,7,SB,100
103,7,SB,100
63,7,SB,100
80,7,SB,100
86,7,SB,100
58,7,SB,100
87,7,SB,100
118,7,SB,100
91,7,SB,100
106,7,SB,100
63,7,SB,100
196,7,SB,100
107,7,SB,100
113,7,SB,100
51,7,SB,100
76,7,SB,100
64,7,SB,100
106,7,SB,100
58,7,SB,100
67,7,SB,100
203,7,RSB,100
149,7,RSB,100
188,7,RSB,100
117,7,RSB,100
133,7,RSB,100
134,7,RSB,100
101,7,RSB,100
75,7,RSB,100
147,7,RSB,100
63,7,RSB,100
124,7,RSB,100
128,7,RSB,100
74,7,RSB,100
84,7,RSB,100
148,7,RSB,100
116,7,RSB,100
129,7,RSB,100
69,7,RSB,100
250,7,RSB,100
136,7,RSB,100
154,7,RSB,100
65,7,RSB,100
102,7,RSB,100
64,7,RSB,100
174,7,RSB,100
67,7,RSB,100
82,7,RSB,100
99,7,RSB,100
121,7,RSB,100
134,7,RSB,100
85,7,RSB,100
118,7,RSB,100
133,7,RSB,100
101,7,RSB,100
57,7,RSB,100
132,7,RSB,100
60,7,RSB,100
175,7,RSB,100
119,7,RSB,100
81,7,RSB,100
91,7,RSB,100
129,7,RSB,100
128,7,RSB,100
120,7,RSB,100
57,7,RSB,100
239,7,RSB,100
111,7,RSB,100
130,7,RSB,100
65,7,RSB,100
87,7,RSB,100
56,7,RSB,100
148,7,RSB,100
65,7,RSB,100
90,7,RSB,100
48,7,DFS,100
85,7,DFS,100
93,7,DFS,100
46,7,DFS,100
120,7,DFS,100
80,7,DFS,100
85,7,DFS,100
32,7,DFS,100
68,7,DFS,100
40,7,DFS,100
60,7,DFS,100
47,7,DFS,100
38,7,DFS,100
49,7,DFS,100
87,7,DFS,100
493,7,DFS,100
61,7,DFS,100
45,7,DFS,100
192,7,DFS,100
88,7,DFS,100
66,7,DFS,100
41,7,DFS,100
47,7,DFS,100
35,7,DFS,100
79,7,DFS,100
36,7,DFS,100
48,7,DFS,100
104,7,SB,150
101,7,SB,150
74,7,SB,150
88,7,SB,150
118,7,SB,150
104,7,SB,150
78,7,SB,150
92,7,SB,150
112,7,SB,150
103,7,SB,150
124,7,SB,150
133,7,SB,150
128,7,SB,150
82,7,SB,150
51,7,SB,150
67,7,SB,150
111,7,SB,150
88,7,SB,150
87,7,SB,150
136,7,SB,150
113,7,SB,150
76,7,SB,150
82,7,SB,150
89,7,SB,150
76,7,SB,150
135,7,SB,150
122,7,SB,150
104,7,SB,150
82,7,SB,150
105,7,SB,150
135,7,SB,150
95,7,SB,150
102,7,SB,150
48,7,SB,150
106,7,SB,150
84,7,SB,150
123,7,SB,150
130,7,SB,150
119,7,SB,150
83,7,SB,150
98,7,SB,150
113,7,SB,150
68,7,SB,150
104,7,SB,150
92,7,SB,150
91,7,SB,150
114,7,RSB,150
118,7,RSB,150
81,7,RSB,150
120,7,RSB,150
120,7,RSB,150
122,7,RSB,150
103,7,RSB,150
123,7,RSB,150
138,7,RSB,150
111,7,RSB,150
155,7,RSB,150
150,7,RSB,150
198,7,RSB,150
97,7,RSB,150
62,7,RSB,150
80,7,RSB,150
140,7,RSB,150
99,7,RSB,150
104,7,RSB,150
211,7,RSB,150
163,7,RSB,150
91,7,RSB,150
101,7,RSB,150
123,7,RSB,150
118,7,RSB,150
171,7,RSB,150
141,7,RSB,150
126,7,RSB,150
93,7,RSB,150
98,7,RSB,150
144,7,RSB,150
153,7,RSB,150
119,7,RSB,150
53,7,RSB,150
86,7,RSB,150
95,7,RSB,150
136,7,RSB,150
154,7,RSB,150
142,7,RSB,150
89,7,RSB,150
132,7,RSB,150
226,7,RSB,150
388,7,RSB,150
173,7,RSB,150
122,7,RSB,150
102,7,RSB,150
104,7,RSB,150
104,7,RSB,150
71,7,RSB,150
97,7,RSB,150
120,7,RSB,150
102,7,RSB,150
92,7,RSB,150
136,7,RSB,150
127,7,RSB,150
124,7,RSB,150
120,7,RSB,150
115,7,RSB,150
131,7,RSB,150
80,7,RSB,150
56,7,RSB,150
67,7,RSB,150
119,7,RSB,150
85,7,RSB,150
92,7,RSB,150
111,7,RSB,150
136,7,RSB,150
84,7,RSB,150
96,7,RSB,150
77,7,RSB,150
105,7,RSB,150
130,7,RSB,150
145,7,RSB,150
113,7,RSB,150
93,7,RSB,150
133,7,RSB,150
137,7,RSB,150
109,7,RSB,150
120,7,RSB,150
52,7,RSB,150
86,7,RSB,150
86,7,RSB,150
138,7,RSB,150
139,7,RSB,150
154,7,RSB,150
79,7,RSB,150
115,7,RSB,150
186,7,RSB,150
86,7,RSB,150
131,7,RSB,150
94,7,RSB,150
100,7,RSB,150
87,7,DFS,150
67,7,DFS,150
51,7,DFS,150
68,7,DFS,150
71,7,DFS,150
99,7,DFS,150
52,7,DFS,150
69,7,DFS,150
85,7,DFS,150
66,7,DFS,150
75,7,DFS,150
76,7,DFS,150
87,7,DFS,150
54,7,DFS,150
34,7,DFS,150
44,7,DFS,150
71,7,DFS,150
62,7,DFS,150
59,7,DFS,150
127,7,DFS,150
69,7,DFS,150
60,7,DFS,150
68,7,DFS,150
50,7,DFS,150
55,7,DFS,150
88,7,DFS,150
84,7,DFS,150
69,7,DFS,150
52,7,DFS,150
64,7,DFS,150
71,7,DFS,150
64,7,DFS,150
65,7,DFS,150
28,7,DFS,150
63,7,DFS,150
63,7,DFS,150
99,7,DFS,150
84,7,DFS,150
72,7,DFS,150
53,7,DFS,150
78,7,DFS,150
260,7,DFS,150
44,7,DFS,150
74,7,DFS,150
58,7,DFS,150
60,7,DFS,150
122,8,SB,50
61,8,SB,50
133,8,SB,50
117,8,SB,50
92,8,SB,50
97,8,SB,50
80,8,SB,50
52,8,SB,50
126,8,SB,50
76,8,SB,50
78,8,SB,50
71,8,SB,50
72,8,SB,50
91,8,SB,50
115,8,SB,50
52,8,SB,50
109,8,SB,50
128,8,SB,50
156,8,SB,50
87,8,SB,50
128,8,RSB,50
91,8,RSB,50
148,8,RSB,50
152,8,RSB,50
125,8,RSB,50
122,8,RSB,50
84,8,RSB,50
57,8,RSB,50
162,8,RSB,50
130,8,RSB,50
107,8,RSB,50
79,8,RSB,50
99,8,RSB,50
73,8,RSB,50
115,8,RSB,50
94,8,RSB,50
167,8,RSB,50
180,8,RSB,50
160,8,RSB,50
96,8,RSB,50
123,8,RSB,50
70,8,RSB,50
145,8,RSB,50
110,8,RSB,50
87,8,RSB,50
92,8,RSB,50
77,8,RSB,50
61,8,RSB,50
122,8,RSB,50
94,8,RSB,50
86,8,RSB,50
82,8,RSB,50
74,8,RSB,50
65,8,RSB,50
128,8,RSB,50
59,8,RSB,50
152,8,RSB,50
151,8,RSB,50
150,8,RSB,50
92,8,RSB,50
63,8,DFS,50
33,8,DFS,50
66,8,DFS,50
56,8,DFS,50
50,8,DFS,50
58,8,DFS,50
42,8,DFS,50
27,8,DFS,50
66,8,DFS,50
50,8,DFS,50
40,8,DFS,50
37,8,DFS,50
41,8,DFS,50
61,8,DFS,50
56,8,DFS,50
31,8,DFS,50
56,8,DFS,50
114,8,DFS,50
73,8,DFS,50
42,8,DFS,50
150,8,SB,100
90,8,SB,100
113,8,SB,100
106,8,SB,100
88,8,SB,100
53,8,SB,100
123,8,SB,100
99,8,SB,100
137,8,SB,100
81,8,SB,100
62,8,SB,100
145,8,SB,100
86,8,SB,100
101,8,SB,100
98,8,SB,100
103,8,SB,100
99,8,SB,100
104,8,SB,100
61,8,SB,100
102,8,RSB,100
137,8,RSB,100
122,8,RSB,100
114,8,RSB,100
99,8,RSB,100
76,8,RSB,100
172,8,RSB,100
117,8,RSB,100
195,8,RSB,100
97,8,RSB,100
374,8,RSB,100
142,8,RSB,100
106,8,RSB,100
124,8,RSB,100
120,8,RSB,100
124,8,RSB,100
126,8,RSB,100
158,8,RSB,100
157,8,RSB,100
96,8,RSB,100
110,8,RSB,100
122,8,RSB,100
111,8,RSB,100
91,8,RSB,100
53,8,RSB,100
144,8,RSB,100
81,8,RSB,100
367,8,RSB,100
93,8,RSB,100
88,8,RSB,100
137,8,RSB,100
93,8,RSB,100
124,8,RSB,100
99,8,RSB,100
116,8,RSB,100
96,8,RSB,100
101,8,RSB,100
116,8,RSB,100
47,8,DFS,100
49,8,DFS,100
62,8,DFS,100
66,8,DFS,100
52,8,DFS,100
38,8,DFS,100
67,8,DFS,100
43,8,DFS,100
85,8,DFS,100
51,8,DFS,100
44,8,DFS,100
75,8,DFS,100
49,8,DFS,100
108,8,DFS,100
59,8,DFS,100
53,8,DFS,100
58,8,DFS,100
57,8,DFS,100
44,8,DFS,100
129,8,SB,150
74,8,SB,150
71,8,SB,150
110,8,SB,150
92,8,SB,150
126,8,SB,150
216,8,SB,150
84,8,SB,150
105,8,SB,150
121,8,SB,150
77,8,SB,150
113,8,SB,150
91,8,SB,150
99,8,SB,150
108,8,SB,150
110,8,SB,150
103,8,SB,150
131,8,SB,150
138,8,SB,150
124,8,SB,150
137,8,SB,150
118,8,SB,150
91,8,SB,150
101,8,SB,150
89,8,SB,150
138,8,SB,150
93,8,SB,150
115,8,SB,150
107,8,SB,150
135,8,SB,150
125,8,SB,150
120,8,SB,150
118,8,SB,150
131,8,SB,150
95,8,SB,150
118,8,SB,150
118,8,SB,150
121,8,SB,150
77,8,SB,150
101,8,SB,150
130,8,SB,150
108,8,SB,150
74,8,SB,150
178,8,SB,150
92,8,SB,150
88,8,SB,150
108,8,SB,150
153,8,RSB,150
89,8,RSB,150
117,8,RSB,150
122,8,RSB,150
90,8,RSB,150
142,8,RSB,150
127,8,RSB,150
125,8,RSB,150
172,8,RSB,150
185,8,RSB,150
97,8,RSB,150
161,8,RSB,150
126,8,RSB,150
83,8,RSB,150
159,8,RSB,150
126,8,RSB,150
115,8,RSB,150
145,8,RSB,150
171,8,RSB,150
157,8,RSB,150
175,8,RSB,150
136,8,RSB,150
134,8,RSB,150
122,8,RSB,150
116,8,RSB,150
164,8,RSB,150
118,8,RSB,150
145,8,RSB,150
166,8,RSB,150
170,8,RSB,150
168,8,RSB,150
149,8,RSB,150
228,8,RSB,150
186,8,RSB,150
95,8,RSB,150
171,8,RSB,150
177,8,RSB,150
129,8,RSB,150
94,8,RSB,150
122,8,RSB,150
159,8,RSB,150
109,8,RSB,150
93,8,RSB,150
199,8,RSB,150
99,8,RSB,150
93,8,RSB,150
133,8,RSB,150
136,8,RSB,150
73,8,RSB,150
86,8,RSB,150
118,8,RSB,150
97,8,RSB,150
113,8,RSB,150
141,8,RSB,150
118,8,RSB,150
133,8,RSB,150
128,8,RSB,150
76,8,RSB,150
160,8,RSB,150
98,8,RSB,150
72,8,RSB,150
167,8,RSB,150
130,8,RSB,150
106,8,RSB,150
141,8,RSB,150
132,8,RSB,150
133,8,RSB,150
150,8,RSB,150
134,8,RSB,150
96,8,RSB,150
121,8,RSB,150
112,8,RSB,150
141,8,RSB,150
99,8,RSB,150
118,8,RSB,150
165,8,RSB,150
140,8,RSB,150
114,8,RSB,150
148,8,RSB,150
145,8,RSB,150
148,8,RSB,150
94,8,RSB,150
162,8,RSB,150
149,8,RSB,150
117,8,RSB,150
83,8,RSB,150
119,8,RSB,150
168,8,RSB,150
104,8,RSB,150
70,8,RSB,150
159,8,RSB,150
101,8,RSB,150
89,8,RSB,150
112,8,RSB,150
78,8,DFS,150
43,8,DFS,150
47,8,DFS,150
70,8,DFS,150
55,8,DFS,150
78,8,DFS,150
63,8,DFS,150
48,8,DFS,150
70,8,DFS,150
84,8,DFS,150
59,8,DFS,150
70,8,DFS,150
52,8,DFS,150
57,8,DFS,150
59,8,DFS,150
74,8,DFS,150
65,8,DFS,150
82,8,DFS,150
79,8,DFS,150
93,8,DFS,150
90,8,DFS,150
68,8,DFS,150
66,8,DFS,150
53,8,DFS,150
55,8,DFS,150
76,8,DFS,150
59,8,DFS,150
70,8,DFS,150
69,8,DFS,150
82,8,DFS,150
96,8,DFS,150
82,8,DFS,150
68,8,DFS,150
99,8,DFS,150
72,8,DFS,150
81,8,DFS,150
62,8,DFS,150
67,8,DFS,150
50,8,DFS,150
72,8,DFS,150
70,8,DFS,150
67,8,DFS,150
47,8,DFS,150
106,8,DFS,150
54,8,DFS,150
51,8,DFS,150
68,8,DFS,150
184,9,SB,50
111,9,SB,50
78,9,SB,50
55,9,SB,50
93,9,SB,50
92,9,SB,50
121,9,SB,50
57,9,SB,50
139,9,SB,50
89,9,SB,50
168,9,RSB,50
152,9,RSB,50
78,9,RSB,50
73,9,RSB,50
184,9,RSB,50
111,9,RSB,50
125,9,RSB,50
81,9,RSB,50
192,9,RSB,50
108,9,RSB,50
146,9,RSB,50
117,9,RSB,50
107,9,RSB,50
57,9,RSB,50
119,9,RSB,50
88,9,RSB,50
121,9,RSB,50
54,9,RSB,50
185,9,RSB,50
86,9,RSB,50
63,9,DFS,50
68,9,DFS,50
33,9,DFS,50
29,9,DFS,50
42,9,DFS,50
35,9,DFS,50
50,9,DFS,50
29,9,DFS,50
76,9,DFS,50
46,9,DFS,50
127,9,SB,100
87,9,SB,100
135,9,SB,100
109,9,SB,100
133,9,SB,100
139,9,SB,100
83,9,SB,100
140,9,SB,100
106,9,SB,100
67,9,SB,100
134,9,SB,100
82,9,SB,100
94,9,SB,100
97,9,SB,100
87,9,SB,100
101,9,SB,100
165,9,SB,100
100,9,SB,100
140,9,SB,100
134,9,SB,100
136,9,RSB,100
100,9,RSB,100
221,9,RSB,100
117,9,RSB,100
170,9,RSB,100
137,9,RSB,100
135,9,RSB,100
173,9,RSB,100
141,9,RSB,100
84,9,RSB,100
321,9,RSB,100
100,9,RSB,100
131,9,RSB,100
108,9,RSB,100
107,9,RSB,100
134,9,RSB,100
174,9,RSB,100
353,9,RSB,100
192,9,RSB,100
156,9,RSB,100
134,9,RSB,100
97,9,RSB,100
148,9,RSB,100
109,9,RSB,100
105,9,RSB,100
118,9,RSB,100
149,9,RSB,100
154,9,RSB,100
109,9,RSB,100
74,9,RSB,100
190,9,RSB,100
122,9,RSB,100
85,9,RSB,100
110,9,RSB,100
121,9,RSB,100
93,9,RSB,100
382,9,RSB,100
78,9,RSB,100
139,9,RSB,100
151,9,RSB,100
59,9,DFS,100
52,9,DFS,100
76,9,DFS,100
55,9,DFS,100
145,9,DFS,100
60,9,DFS,100
50,9,DFS,100
60,9,DFS,100
75,9,DFS,100
38,9,DFS,100
77,9,DFS,100
50,9,DFS,100
45,9,DFS,100
42,9,DFS,100
50,9,DFS,100
39,9,DFS,100
82,9,DFS,100
54,9,DFS,100
70,9,DFS,100
68,9,DFS,100
119,9,SB,150
284,9,SB,150
98,9,SB,150
139,9,SB,150
106,9,SB,150
121,9,SB,150
96,9,SB,150
126,9,SB,150
165,9,SB,150
82,9,SB,150
98,9,SB,150
127,9,SB,150
130,9,SB,150
120,9,SB,150
96,9,SB,150
87,9,SB,150
102,9,SB,150
115,9,SB,150
132,9,SB,150
198,9,SB,150
106,9,SB,150
117,9,SB,150
119,9,SB,150
127,9,SB,150
102,9,SB,150
58,9,SB,150
147,9,SB,150
111,9,SB,150
134,9,SB,150
114,9,SB,150
103,9,SB,150
135,9,SB,150
116,9,SB,150
90,9,SB,150
90,9,SB,150
127,9,SB,150
115,9,SB,150
135,9,SB,150
173,9,SB,150
137,9,SB,150
110,9,SB,150
167,9,SB,150
112,9,SB,150
145,9,SB,150
112,9,SB,150
140,9,SB,150
93,9,SB,150
140,9,RSB,150
185,9,RSB,150
149,9,RSB,150
132,9,RSB,150
118,9,RSB,150
158,9,RSB,150
128,9,RSB,150
138,9,RSB,150
181,9,RSB,150
113,9,RSB,150
120,9,RSB,150
200,9,RSB,150
122,9,RSB,150
162,9,RSB,150
114,9,RSB,150
106,9,RSB,150
153,9,RSB,150
129,9,RSB,150
172,9,RSB,150
95,9,RSB,150
111,9,RSB,150
164,9,RSB,150
235,9,RSB,150
173,9,RSB,150
117,9,RSB,150
78,9,RSB,150
178,9,RSB,150
114,9,RSB,150
120,9,RSB,150
145,9,RSB,150
122,9,RSB,150
149,9,RSB,150
188,9,RSB,150
124,9,RSB,150
115,9,RSB,150
153,9,RSB,150
190,9,RSB,150
161,9,RSB,150
205,9,RSB,150
148,9,RSB,150
132,9,RSB,150
189,9,RSB,150
182,9,RSB,150
169,9,RSB,150
132,9,RSB,150
185,9,RSB,150
154,9,RSB,150
163,9,RSB,150
323,9,RSB,150
140,9,RSB,150
162,9,RSB,150
111,9,RSB,150
140,9,RSB,150
106,9,RSB,150
125,9,RSB,150
126,9,RSB,150
102,9,RSB,150
128,9,RSB,150
180,9,RSB,150
114,9,RSB,150
126,9,RSB,150
123,9,RSB,150
111,9,RSB,150
121,9,RSB,150
120,9,RSB,150
141,9,RSB,150
119,9,RSB,150
131,9,RSB,150
234,9,RSB,150
133,9,RSB,150
147,9,RSB,150
100,9,RSB,150
72,9,RSB,150
131,9,RSB,150
122,9,RSB,150
108,9,RSB,150
130,9,RSB,150
110,9,RSB,150
125,9,RSB,150
109,9,RSB,150
109,9,RSB,150
99,9,RSB,150
131,9,RSB,150
146,9,RSB,150
145,9,RSB,150
188,9,RSB,150
163,9,RSB,150
120,9,RSB,150
156,9,RSB,150
150,9,RSB,150
136,9,RSB,150
110,9,RSB,150
121,9,RSB,150
115,9,RSB,150
87,9,DFS,150
96,9,DFS,150
56,9,DFS,150
64,9,DFS,150
59,9,DFS,150
66,9,DFS,150
54,9,DFS,150
75,9,DFS,150
74,9,DFS,150
48,9,DFS,150
46,9,DFS,150
73,9,DFS,150
48,9,DFS,150
60,9,DFS,150
89,9,DFS,150
52,9,DFS,150
64,9,DFS,150
63,9,DFS,150
61,9,DFS,150
40,9,DFS,150
58,9,DFS,150
73,9,DFS,150
66,9,DFS,150
68,9,DFS,150
62,9,DFS,150
36,9,DFS,150
87,9,DFS,150
57,9,DFS,150
61,9,DFS,150
64,9,DFS,150
49,9,DFS,150
67,9,DFS,150
52,9,DFS,150
50,9,DFS,150
44,9,DFS,150
78,9,DFS,150
66,9,DFS,150
81,9,DFS,150
83,9,DFS,150
72,9,DFS,150
58,9,DFS,150
101,9,DFS,150
71,9,DFS,150
80,9,DFS,150
68,9,DFS,150
77,9,DFS,150
52,9,DFS,150
100,10,SB,50
86,10,SB,50
66,10,SB,50
146,10,SB,50
114,10,SB,50
97,10,SB,50
79,10,SB,50
62,10,SB,50
131,10,SB,50
86,10,SB,50
146,10,SB,50
140,10,SB,50
175,10,SB,50
108,10,RSB,50
260,10,RSB,50
142,10,RSB,50
133,10,RSB,50
164,10,RSB,50
123,10,RSB,50
94,10,RSB,50
111,10,RSB,50
235,10,RSB,50
87,10,RSB,50
263,10,RSB,50
155,10,RSB,50
150,10,RSB,50
86,10,RSB,50
104,10,RSB,50
72,10,RSB,50
134,10,RSB,50
118,10,RSB,50
110,10,RSB,50
69,10,RSB,50
59,10,RSB,50
149,10,RSB,50
93,10,RSB,50
162,10,RSB,50
138,10,RSB,50
101,10,RSB,50
39,10,DFS,50
35,10,DFS,50
42,10,DFS,50
51,10,DFS,50
55,10,DFS,50
44,10,DFS,50
32,10,DFS,50
30,10,DFS,50
62,10,DFS,50
33,10,DFS,50
58,10,DFS,50
57,10,DFS,50
32,10,DFS,50
143,10,SB,100
711,10,SB,100
123,10,SB,100
138,10,SB,100
182,10,SB,100
106,10,SB,100
183,10,SB,100
117,10,SB,100
98,10,SB,100
122,10,SB,100
91,10,SB,100
124,10,SB,100
92,10,SB,100
68,10,SB,100
158,10,SB,100
94,10,SB,100
140,10,SB,100
110,10,SB,100
185,10,RSB,100
277,10,RSB,100
160,10,RSB,100
246,10,RSB,100
121,10,RSB,100
121,10,RSB,100
200,10,RSB,100
173,10,RSB,100
227,10,RSB,100
147,10,RSB,100
134,10,RSB,100
135,10,RSB,100
164,10,RSB,100
89,10,RSB,100
142,10,RSB,100
180,10,RSB,100
164,10,RSB,100
158,10,RSB,100
122,10,RSB,100
557,10,RSB,100
142,10,RSB,100
145,10,RSB,100
163,10,RSB,100
110,10,RSB,100
199,10,RSB,100
178,10,RSB,100
95,10,RSB,100
121,10,RSB,100
115,10,RSB,100
192,10,RSB,100
116,10,RSB,100
105,10,RSB,100
144,10,RSB,100
142,10,RSB,100
153,10,RSB,100
124,10,RSB,100
64,10,DFS,100
83,10,DFS,100
58,10,DFS,100
60,10,DFS,100
62,10,DFS,100
59,10,DFS,100
69,10,DFS,100
55,10,DFS,100
58,10,DFS,100
53,10,DFS,100
44,10,DFS,100
65,10,DFS,100
53,10,DFS,100
40,10,DFS,100
49,10,DFS,100
48,10,DFS,100
79,10,DFS,100
72,10,DFS,100
132,10,SB,150
107,10,SB,150
156,10,SB,150
147,10,SB,150
84,10,SB,150
128,10,SB,150
116,10,SB,150
154,10,SB,150
113,10,SB,150
148,10,SB,150
122,10,SB,150
159,10,SB,150
119,10,SB,150
113,10,SB,150
122,10,SB,150
86,10,SB,150
124,10,SB,150
98,10,SB,150
109,10,SB,150
111,10,SB,150
183,10,SB,150
145,10,SB,150
115,10,SB,150
105,10,SB,150
107,10,SB,150
637,10,SB,150
118,10,SB,150
161,10,SB,150
102,10,SB,150
128,10,SB,150
109,10,SB,150
150,10,SB,150
143,10,SB,150
114,10,SB,150
114,10,SB,150
140,10,SB,150
116,10,SB,150
154,10,SB,150
109,10,SB,150
146,10,SB,150
167,10,SB,150
137,10,RSB,150
120,10,RSB,150
217,10,RSB,150
128,10,RSB,150
105,10,RSB,150
150,10,RSB,150
149,10,RSB,150
176,10,RSB,150
134,10,RSB,150
160,10,RSB,150
159,10,RSB,150
170,10,RSB,150
165,10,RSB,150
170,10,RSB,150
170,10,RSB,150
106,10,RSB,150
164,10,RSB,150
133,10,RSB,150
137,10,RSB,150
151,10,RSB,150
204,10,RSB,150
203,10,RSB,150
140,10,RSB,150
145,10,RSB,150
143,10,RSB,150
313,10,RSB,150
139,10,RSB,150
185,10,RSB,150
146,10,RSB,150
141,10,RSB,150
154,10,RSB,150
182,10,RSB,150
161,10,RSB,150
180,10,RSB,150
172,10,RSB,150
197,10,RSB,150
171,10,RSB,150
177,10,RSB,150
129,10,RSB,150
559,10,RSB,150
187,10,RSB,150
139,10,RSB,150
112,10,RSB,150
162,10,RSB,150
147,10,RSB,150
105,10,RSB,150
190,10,RSB,150
120,10,RSB,150
175,10,RSB,150
110,10,RSB,150
153,10,RSB,150
136,10,RSB,150
144,10,RSB,150
110,10,RSB,150
169,10,RSB,150
160,10,RSB,150
116,10,RSB,150
150,10,RSB,150
125,10,RSB,150
141,10,RSB,150
131,10,RSB,150
196,10,RSB,150
191,10,RSB,150
113,10,RSB,150
127,10,RSB,150
119,10,RSB,150
207,10,RSB,150
138,10,RSB,150
188,10,RSB,150
118,10,RSB,150
134,10,RSB,150
123,10,RSB,150
164,10,RSB,150
190,10,RSB,150
186,10,RSB,150
134,10,RSB,150
159,10,RSB,150
150,10,RSB,150
134,10,RSB,150
113,10,RSB,150
180,10,RSB,150
195,10,RSB,150
76,10,DFS,150
58,10,DFS,150
83,10,DFS,150
60,10,DFS,150
45,10,DFS,150
79,10,DFS,150
57,10,DFS,150
85,10,DFS,150
56,10,DFS,150
80,10,DFS,150
64,10,DFS,150
66,10,DFS,150
56,10,DFS,150
71,10,DFS,150
62,10,DFS,150
55,10,DFS,150
72,10,DFS,150
55,10,DFS,150
57,10,DFS,150
59,10,DFS,150
86,10,DFS,150
77,10,DFS,150
80,10,DFS,150
63,10,DFS,150
66,10,DFS,150
78,10,DFS,150
65,10,DFS,150
98,10,DFS,150
67,10,DFS,150
94,10,DFS,150
59,10,DFS,150
75,10,DFS,150
70,10,DFS,150
67,10,DFS,150
84,10,DFS,150
80,10,DFS,150
65,10,DFS,150
74,10,DFS,150
61,10,DFS,150
80,10,DFS,150
89,10,DFS,150
