times,agents,alg,range
300.0,2,birk,50
300.0,2,birk,50
300.0,2,birk,50
300.0,2,birk,50
300.0,2,birk,50
300.0,2,birk,50
0.797605,2,birk,50
0.42349,2,birk,50
300.0,2,birk,50
300.0,2,birk,50
300.0,2,birk,50
0.313909,2,birk,50
0.478983,2,birk,50
1.04068,2,birk,50
300.0,2,birk,50
300.0,2,birk,50
0.255323,2,birk,50
0.328102,2,birk,50
300.0,2,birk,50
300.0,2,birk,50
300.0,2,birk,50
300.0,2,birk,50
1.05275,2,birk,50
300.0,2,birk,50
300.0,2,birk,50
300.0,2,birk,50
0.225851,2,birk,50
300.0,2,birk,50
300.0,2,birk,50
300.0,2,birk,50
0.784639,2,birk,50
0.463006,2,birk,50
300.0,2,birk,50
0.397201,2,birk,50
300.0,2,birk,50
0.756611,2,birk,50
300.0,2,birk,50
1.0299,2,birk,50
300.0,2,birk,50
300.0,2,birk,50
300.0,2,birk,50
300.0,2,birk,50
300.0,2,birk,50
300.0,2,birk,50
300.0,2,birk,50
300.0,2,birk,50
0.848269,2,birk,50
300.0,2,birk,50
300.0,2,birk,50
300.0,2,birk,50
0.0959221,2,dfs,50
0.0628771,2,dfs,50
0.129085,2,dfs,50
0.0410708,2,dfs,50
0.0485175,2,dfs,50
300.0,2,dfs,50
0.0859496,2,dfs,50
0.0411977,2,dfs,50
0.0847295,2,dfs,50
300.0,2,dfs,50
0.0532851,2,dfs,50
0.03919,2,dfs,50
0.0568689,2,dfs,50
0.0936212,2,dfs,50
0.0428367,2,dfs,50
0.0803233,2,dfs,50
0.0311181,2,dfs,50
0.0427381,2,dfs,50
0.0652857,2,dfs,50
0.0549342,2,dfs,50
0.0773421,2,dfs,50
0.0793881,2,dfs,50
0.0921443,2,dfs,50
300.0,2,dfs,50
0.0617887,2,dfs,50
0.0891423,2,dfs,50
0.0325447,2,dfs,50
0.0800233,2,dfs,50
0.120818,2,dfs,50
0.102497,2,dfs,50
0.0917851,2,dfs,50
0.0388323,2,dfs,50
0.0951755,2,dfs,50
0.045854,2,dfs,50
0.0429893,2,dfs,50
0.0702612,2,dfs,50
0.0844016,2,dfs,50
0.100119,2,dfs,50
0.098328,2,dfs,50
0.109547,2,dfs,50
300.0,2,dfs,50
0.0597404,2,dfs,50
0.0598723,2,dfs,50
300.0,2,dfs,50
300.0,2,dfs,50
300.0,2,dfs,50
0.0747044,2,dfs,50
0.136533,2,dfs,50
0.108139,2,dfs,50
300.0,2,dfs,50
0.103629,2,astar,50
0.0649284,2,astar,50
0.134959,2,astar,50
0.0974522,2,astar,50
0.644873,2,astar,50
300.0,2,astar,50
0.0811396,2,astar,50
0.0388237,2,astar,50
0.0896528,2,astar,50
300.0,2,astar,50
0.0544919,2,astar,50
0.0412385,2,astar,50
0.0570533,2,astar,50
0.104218,2,astar,50
0.0414441,2,astar,50
0.0819215,2,astar,50
0.0321059,2,astar,50
0.0390522,2,astar,50
0.135868,2,astar,50
0.0560937,2,astar,50
0.07949,2,astar,50
0.0809075,2,astar,50
0.0956028,2,astar,50
300.0,2,astar,50
0.066766,2,astar,50
0.0943007,2,astar,50
0.0341014,2,astar,50
0.0822866,2,astar,50
0.125286,2,astar,50
0.0807628,2,astar,50
0.0979023,2,astar,50
0.0364711,2,astar,50
0.115581,2,astar,50
0.0484891,2,astar,50
0.0448565,2,astar,50
0.082199,2,astar,50
0.0804206,2,astar,50
0.0952842,2,astar,50
0.095282,2,astar,50
0.100337,2,astar,50
300.0,2,astar,50
0.0613603,2,astar,50
0.0603446,2,astar,50
300.0,2,astar,50
300.0,2,astar,50
300.0,2,astar,50
0.0708525,2,astar,50
0.14398,2,astar,50
0.105996,2,astar,50
300.0,2,astar,50
300.0,2,birk,100
0.596362,2,birk,100
300.0,2,birk,100
300.0,2,birk,100
300.0,2,birk,100
0.282832,2,birk,100
300.0,2,birk,100
300.0,2,birk,100
300.0,2,birk,100
0.727827,2,birk,100
300.0,2,birk,100
300.0,2,birk,100
0.538174,2,birk,100
300.0,2,birk,100
0.520878,2,birk,100
300.0,2,birk,100
0.51353,2,birk,100
300.0,2,birk,100
300.0,2,birk,100
300.0,2,birk,100
300.0,2,birk,100
300.0,2,birk,100
300.0,2,birk,100
0.429532,2,birk,100
300.0,2,birk,100
300.0,2,birk,100
300.0,2,birk,100
300.0,2,birk,100
300.0,2,birk,100
300.0,2,birk,100
300.0,2,birk,100
300.0,2,birk,100
0.818177,2,birk,100
300.0,2,birk,100
300.0,2,birk,100
300.0,2,birk,100
0.654882,2,birk,100
300.0,2,birk,100
300.0,2,birk,100
300.0,2,birk,100
1.0591,2,birk,100
1.03954,2,birk,100
300.0,2,birk,100
300.0,2,birk,100
300.0,2,birk,100
0.332372,2,birk,100
300.0,2,birk,100
300.0,2,birk,100
300.0,2,birk,100
300.0,2,birk,100
0.124226,2,dfs,100
0.0684807,2,dfs,100
0.0824223,2,dfs,100
0.168491,2,dfs,100
0.113654,2,dfs,100
0.0415953,2,dfs,100
2.41698,2,dfs,100
300.0,2,dfs,100
0.0634658,2,dfs,100
0.0809581,2,dfs,100
300.0,2,dfs,100
0.0836829,2,dfs,100
0.0575589,2,dfs,100
0.0673901,2,dfs,100
0.0606419,2,dfs,100
0.100059,2,dfs,100
0.0634023,2,dfs,100
0.8041,2,dfs,100
0.134061,2,dfs,100
0.260825,2,dfs,100
0.0404163,2,dfs,100
300.0,2,dfs,100
300.0,2,dfs,100
0.0599757,2,dfs,100
0.0910252,2,dfs,100
300.0,2,dfs,100
0.195822,2,dfs,100
0.0906936,2,dfs,100
0.132944,2,dfs,100
0.0944351,2,dfs,100
0.201218,2,dfs,100
0.0983184,2,dfs,100
0.0787596,2,dfs,100
0.165368,2,dfs,100
0.12095,2,dfs,100
300.0,2,dfs,100
0.0733865,2,dfs,100
0.119313,2,dfs,100
0.328976,2,dfs,100
0.100022,2,dfs,100
0.102006,2,dfs,100
0.0999911,2,dfs,100
0.0645459,2,dfs,100
0.188402,2,dfs,100
0.125314,2,dfs,100
0.041038,2,dfs,100
0.0908399,2,dfs,100
0.062545,2,dfs,100
300.0,2,dfs,100
0.0915297,2,dfs,100
0.206361,2,astar,100
0.0695944,2,astar,100
0.561,2,astar,100
7.00892,2,astar,100
0.130592,2,astar,100
0.0386425,2,astar,100
18.69,2,astar,100
300.0,2,astar,100
0.2613,2,astar,100
0.080896,2,astar,100
300.0,2,astar,100
89.7278,2,astar,100
0.0565539,2,astar,100
0.252965,2,astar,100
0.0573959,2,astar,100
0.107144,2,astar,100
0.0652218,2,astar,100
5.90177,2,astar,100
0.247514,2,astar,100
17.5918,2,astar,100
0.0412959,2,astar,100
300.0,2,astar,100
300.0,2,astar,100
0.0624899,2,astar,100
33.0649,2,astar,100
300.0,2,astar,100
0.136415,2,astar,100
0.0892678,2,astar,100
2.95203,2,astar,100
0.243025,2,astar,100
0.320756,2,astar,100
0.609803,2,astar,100
0.0906984,2,astar,100
0.545895,2,astar,100
0.118362,2,astar,100
300.0,2,astar,100
0.0795939,2,astar,100
0.121267,2,astar,100
2.24321,2,astar,100
0.101301,2,astar,100
0.103967,2,astar,100
0.0959229,2,astar,100
0.0527918,2,astar,100
229.3,2,astar,100
0.128212,2,astar,100
0.0386596,2,astar,100
0.0915725,2,astar,100
0.104453,2,astar,100
300.0,2,astar,100
0.0867641,2,astar,100
300.0,2,birk,150
300.0,2,birk,150
300.0,2,birk,150
300.0,2,birk,150
0.632893,2,birk,150
300.0,2,birk,150
300.0,2,birk,150
300.0,2,birk,150
300.0,2,birk,150
300.0,2,birk,150
300.0,2,birk,150
300.0,2,birk,150
300.0,2,birk,150
300.0,2,birk,150
0.640506,2,birk,150
300.0,2,birk,150
300.0,2,birk,150
300.0,2,birk,150
1.18756,2,birk,150
300.0,2,birk,150
300.0,2,birk,150
300.0,2,birk,150
0.642553,2,birk,150
300.0,2,birk,150
300.0,2,birk,150
0.766905,2,birk,150
300.0,2,birk,150
300.0,2,birk,150
300.0,2,birk,150
0.366436,2,birk,150
300.0,2,birk,150
300.0,2,birk,150
0.720122,2,birk,150
300.0,2,birk,150
300.0,2,birk,150
300.0,2,birk,150
300.0,2,birk,150
300.0,2,birk,150
300.0,2,birk,150
300.0,2,birk,150
300.0,2,birk,150
300.0,2,birk,150
0.432557,2,birk,150
300.0,2,birk,150
300.0,2,birk,150
300.0,2,birk,150
0.815411,2,birk,150
300.0,2,birk,150
1.33824,2,birk,150
300.0,2,birk,150
172.745,2,dfs,150
0.04249,2,dfs,150
1.75806,2,dfs,150
0.101109,2,dfs,150
0.0723608,2,dfs,150
0.149278,2,dfs,150
0.54492,2,dfs,150
0.0889079,2,dfs,150
0.638454,2,dfs,150
0.140024,2,dfs,150
0.0847989,2,dfs,150
0.138549,2,dfs,150
0.0887325,2,dfs,150
3.3432,2,dfs,150
0.0639902,2,dfs,150
2.6491,2,dfs,150
0.0639731,2,dfs,150
0.130921,2,dfs,150
0.110755,2,dfs,150
0.0578487,2,dfs,150
300.0,2,dfs,150
0.135291,2,dfs,150
0.0798419,2,dfs,150
0.482093,2,dfs,150
39.867,2,dfs,150
0.074013,2,dfs,150
300.0,2,dfs,150
0.0641947,2,dfs,150
0.960409,2,dfs,150
0.0477889,2,dfs,150
0.531867,2,dfs,150
0.484161,2,dfs,150
2.05072,2,dfs,150
4.03978,2,dfs,150
0.0548869,2,dfs,150
2.43338,2,dfs,150
0.119837,2,dfs,150
0.0517054,2,dfs,150
150.572,2,dfs,150
119.096,2,dfs,150
0.115534,2,dfs,150
2.35638,2,dfs,150
0.0889968,2,dfs,150
1.09555,2,dfs,150
0.0848095,2,dfs,150
0.136053,2,dfs,150
0.0946545,2,dfs,150
1.98303,2,dfs,150
0.128599,2,dfs,150
13.6241,2,dfs,150
242.623,2,astar,150
0.0435572,2,astar,150
154.214,2,astar,150
0.102833,2,astar,150
0.0666677,2,astar,150
0.187163,2,astar,150
0.934829,2,astar,150
0.0884896,2,astar,150
0.24597,2,astar,150
0.155045,2,astar,150
0.084561,2,astar,150
0.126563,2,astar,150
4.27249,2,astar,150
0.990525,2,astar,150
0.072434,2,astar,150
300.0,2,astar,150
0.0631282,2,astar,150
0.124765,2,astar,150
0.11931,2,astar,150
0.0652605,2,astar,150
300.0,2,astar,150
0.147032,2,astar,150
0.0836062,2,astar,150
10.3408,2,astar,150
84.2757,2,astar,150
0.0866629,2,astar,150
300.0,2,astar,150
0.0924553,2,astar,150
300.0,2,astar,150
0.0486488,2,astar,150
0.479465,2,astar,150
23.8856,2,astar,150
0.178883,2,astar,150
300.0,2,astar,150
0.0534755,2,astar,150
119.034,2,astar,150
0.202589,2,astar,150
9.23727,2,astar,150
245.184,2,astar,150
216.293,2,astar,150
0.117422,2,astar,150
2.606,2,astar,150
0.0901098,2,astar,150
0.687642,2,astar,150
0.0787998,2,astar,150
0.135129,2,astar,150
0.0870459,2,astar,150
0.234036,2,astar,150
0.115698,2,astar,150
300.0,2,astar,150
3.89411,3,birk,50
2.9103,3,birk,50
2.38319,3,birk,50
1.9213,3,birk,50
3.40269,3,birk,50
300.0,3,birk,50
2.35749,3,birk,50
300.0,3,birk,50
300.0,3,birk,50
1.9183,3,birk,50
2.29381,3,birk,50
4.0107,3,birk,50
300.0,3,birk,50
2.75429,3,birk,50
300.0,3,birk,50
300.0,3,birk,50
300.0,3,birk,50
2.85708,3,birk,50
3.15081,3,birk,50
3.95355,3,birk,50
2.6567,3,birk,50
1.53325,3,birk,50
1.80521,3,birk,50
1.33035,3,birk,50
300.0,3,birk,50
3.94241,3,birk,50
1.94945,3,birk,50
5.02149,3,birk,50
300.0,3,birk,50
300.0,3,birk,50
2.20656,3,birk,50
3.50486,3,birk,50
2.96681,3,birk,50
300.0,3,birk,50
300.0,3,birk,50
300.0,3,birk,50
4.13565,3,birk,50
2.32995,3,birk,50
300.0,3,birk,50
300.0,3,birk,50
300.0,3,birk,50
300.0,3,birk,50
300.0,3,birk,50
300.0,3,birk,50
4.78156,3,birk,50
300.0,3,birk,50
1.51549,3,birk,50
300.0,3,birk,50
300.0,3,birk,50
2.61493,3,birk,50
0.161698,3,dfs,50
0.101525,3,dfs,50
0.0852288,3,dfs,50
0.0612072,3,dfs,50
0.100938,3,dfs,50
32.6955,3,dfs,50
0.0921589,3,dfs,50
0.343015,3,dfs,50
300.0,3,dfs,50
0.0592363,3,dfs,50
0.0801827,3,dfs,50
0.15891,3,dfs,50
1.29283,3,dfs,50
0.0837095,3,dfs,50
0.070858,3,dfs,50
300.0,3,dfs,50
300.0,3,dfs,50
0.155072,3,dfs,50
0.106084,3,dfs,50
0.096317,3,dfs,50
0.262082,3,dfs,50
0.0488896,3,dfs,50
0.065188,3,dfs,50
0.0492447,3,dfs,50
33.2917,3,dfs,50
0.122838,3,dfs,50
0.0624735,3,dfs,50
0.133604,3,dfs,50
0.28614,3,dfs,50
300.0,3,dfs,50
0.0719972,3,dfs,50
0.127455,3,dfs,50
0.108522,3,dfs,50
300.0,3,dfs,50
0.148253,3,dfs,50
0.819802,3,dfs,50
0.102121,3,dfs,50
0.192024,3,dfs,50
300.0,3,dfs,50
300.0,3,dfs,50
300.0,3,dfs,50
1.31922,3,dfs,50
70.9634,3,dfs,50
0.12921,3,dfs,50
0.153863,3,dfs,50
300.0,3,dfs,50
0.0598062,3,dfs,50
34.1168,3,dfs,50
0.240135,3,dfs,50
0.0922726,3,dfs,50
0.157499,3,astar,50
0.103236,3,astar,50
0.0810127,3,astar,50
0.0608521,3,astar,50
0.103928,3,astar,50
300.0,3,astar,50
0.0921036,3,astar,50
2.82705,3,astar,50
300.0,3,astar,50
0.0563668,3,astar,50
0.0814172,3,astar,50
0.154341,3,astar,50
0.595817,3,astar,50
0.0860817,3,astar,50
0.0679488,3,astar,50
300.0,3,astar,50
300.0,3,astar,50
0.143867,3,astar,50
0.11,3,astar,50
0.0941731,3,astar,50
0.5448,3,astar,50
0.0565803,3,astar,50
0.0630085,3,astar,50
0.0515242,3,astar,50
123.198,3,astar,50
0.11613,3,astar,50
0.0654173,3,astar,50
0.128765,3,astar,50
252.834,3,astar,50
300.0,3,astar,50
0.0685957,3,astar,50
0.123256,3,astar,50
0.112133,3,astar,50
300.0,3,astar,50
0.407383,3,astar,50
47.1748,3,astar,50
0.0982919,3,astar,50
0.155728,3,astar,50
300.0,3,astar,50
300.0,3,astar,50
300.0,3,astar,50
0.634628,3,astar,50
300.0,3,astar,50
5.10198,3,astar,50
0.147286,3,astar,50
300.0,3,astar,50
0.0568179,3,astar,50
43.1414,3,astar,50
0.36359,3,astar,50
0.0942497,3,astar,50
300.0,3,birk,100
3.60169,3,birk,100
300.0,3,birk,100
2.50073,3,birk,100
300.0,3,birk,100
300.0,3,birk,100
4.79985,3,birk,100
4.92927,3,birk,100
300.0,3,birk,100
2.53924,3,birk,100
300.0,3,birk,100
300.0,3,birk,100
300.0,3,birk,100
300.0,3,birk,100
3.91502,3,birk,100
300.0,3,birk,100
300.0,3,birk,100
3.54291,3,birk,100
4.38724,3,birk,100
1.51013,3,birk,100
2.13171,3,birk,100
300.0,3,birk,100
300.0,3,birk,100
4.20329,3,birk,100
300.0,3,birk,100
1.14535,3,birk,100
300.0,3,birk,100
300.0,3,birk,100
300.0,3,birk,100
300.0,3,birk,100
1.98101,3,birk,100
1.13212,3,birk,100
1.8088,3,birk,100
300.0,3,birk,100
300.0,3,birk,100
1.24513,3,birk,100
1.97084,3,birk,100
1.6448,3,birk,100
300.0,3,birk,100
2.33855,3,birk,100
300.0,3,birk,100
300.0,3,birk,100
3.44628,3,birk,100
3.64616,3,birk,100
300.0,3,birk,100
2.77532,3,birk,100
4.50115,3,birk,100
1.88842,3,birk,100
300.0,3,birk,100
300.0,3,birk,100
1.2642,3,dfs,100
0.115029,3,dfs,100
0.149135,3,dfs,100
0.091367,3,dfs,100
0.36329,3,dfs,100
13.4511,3,dfs,100
0.1497,3,dfs,100
0.13331,3,dfs,100
9.6394,3,dfs,100
0.0873469,3,dfs,100
300.0,3,dfs,100
0.210768,3,dfs,100
1.39703,3,dfs,100
0.311739,3,dfs,100
0.119993,3,dfs,100
12.501,3,dfs,100
300.0,3,dfs,100
0.122072,3,dfs,100
0.143947,3,dfs,100
0.0541228,3,dfs,100
0.0654422,3,dfs,100
0.26766,3,dfs,100
0.49657,3,dfs,100
0.117592,3,dfs,100
0.249241,3,dfs,100
0.0549649,3,dfs,100
300.0,3,dfs,100
0.170712,3,dfs,100
300.0,3,dfs,100
3.1962,3,dfs,100
0.0666232,3,dfs,100
0.0502509,3,dfs,100
0.0680658,3,dfs,100
300.0,3,dfs,100
1.11723,3,dfs,100
0.0512181,3,dfs,100
0.316936,3,dfs,100
0.0572636,3,dfs,100
300.0,3,dfs,100
0.106416,3,dfs,100
1.18804,3,dfs,100
0.232908,3,dfs,100
0.10169,3,dfs,100
0.118765,3,dfs,100
0.393134,3,dfs,100
0.0857207,3,dfs,100
0.144599,3,dfs,100
0.0718578,3,dfs,100
5.17683,3,dfs,100
0.645395,3,dfs,100
1.25006,3,astar,100
0.120249,3,astar,100
11.6975,3,astar,100
0.0953682,3,astar,100
300.0,3,astar,100
300.0,3,astar,100
0.144488,3,astar,100
0.135445,3,astar,100
300.0,3,astar,100
0.0814539,3,astar,100
300.0,3,astar,100
300.0,3,astar,100
63.3069,3,astar,100
300.0,3,astar,100
0.112817,3,astar,100
113.51,3,astar,100
300.0,3,astar,100
0.117545,3,astar,100
5.77104,3,astar,100
0.0589,3,astar,100
0.0688794,3,astar,100
300.0,3,astar,100
12.8063,3,astar,100
0.123423,3,astar,100
300.0,3,astar,100
0.0548917,3,astar,100
300.0,3,astar,100
0.150081,3,astar,100
300.0,3,astar,100
27.0856,3,astar,100
0.0722364,3,astar,100
0.0508827,3,astar,100
0.0715298,3,astar,100
300.0,3,astar,100
300.0,3,astar,100
0.0486069,3,astar,100
1.47003,3,astar,100
0.0587018,3,astar,100
300.0,3,astar,100
0.106513,3,astar,100
76.0815,3,astar,100
1.35179,3,astar,100
0.0975675,3,astar,100
0.126319,3,astar,100
0.352604,3,astar,100
0.0899921,3,astar,100
0.163755,3,astar,100
0.0731484,3,astar,100
96.4042,3,astar,100
0.265874,3,astar,100
300.0,3,birk,150
3.2017,3,birk,150
4.21443,3,birk,150
300.0,3,birk,150
3.64578,3,birk,150
300.0,3,birk,150
300.0,3,birk,150
300.0,3,birk,150
300.0,3,birk,150
2.80688,3,birk,150
300.0,3,birk,150
300.0,3,birk,150
300.0,3,birk,150
300.0,3,birk,150
3.61127,3,birk,150
3.51649,3,birk,150
300.0,3,birk,150
300.0,3,birk,150
1.72374,3,birk,150
1.25811,3,birk,150
300.0,3,birk,150
3.03281,3,birk,150
300.0,3,birk,150
300.0,3,birk,150
3.56879,3,birk,150
300.0,3,birk,150
300.0,3,birk,150
300.0,3,birk,150
300.0,3,birk,150
4.62488,3,birk,150
3.98491,3,birk,150
300.0,3,birk,150
300.0,3,birk,150
300.0,3,birk,150
4.01403,3,birk,150
4.34024,3,birk,150
300.0,3,birk,150
2.50077,3,birk,150
300.0,3,birk,150
300.0,3,birk,150
300.0,3,birk,150
300.0,3,birk,150
300.0,3,birk,150
300.0,3,birk,150
300.0,3,birk,150
2.9594,3,birk,150
3.15978,3,birk,150
300.0,3,birk,150
4.47509,3,birk,150
2.56136,3,birk,150
69.2378,3,dfs,150
0.107889,3,dfs,150
0.154154,3,dfs,150
0.911711,3,dfs,150
6.52646,3,dfs,150
300.0,3,dfs,150
28.1029,3,dfs,150
0.387507,3,dfs,150
43.0412,3,dfs,150
0.0965922,3,dfs,150
300.0,3,dfs,150
0.819253,3,dfs,150
300.0,3,dfs,150
300.0,3,dfs,150
0.156758,3,dfs,150
0.142968,3,dfs,150
1.04451,3,dfs,150
300.0,3,dfs,150
0.0540211,3,dfs,150
0.0436566,3,dfs,150
0.206141,3,dfs,150
0.302623,3,dfs,150
300.0,3,dfs,150
300.0,3,dfs,150
8.85884,3,dfs,150
0.412874,3,dfs,150
300.0,3,dfs,150
87.8589,3,dfs,150
0.131805,3,dfs,150
0.308562,3,dfs,150
0.41222,3,dfs,150
0.767706,3,dfs,150
300.0,3,dfs,150
60.9511,3,dfs,150
0.101464,3,dfs,150
0.17673,3,dfs,150
5.0176,3,dfs,150
0.0834304,3,dfs,150
300.0,3,dfs,150
148.356,3,dfs,150
300.0,3,dfs,150
3.06959,3,dfs,150
2.74392,3,dfs,150
0.136952,3,dfs,150
2.38475,3,dfs,150
0.112574,3,dfs,150
0.106893,3,dfs,150
300.0,3,dfs,150
0.1282,3,dfs,150
0.0760077,3,dfs,150
300.0,3,astar,150
0.101277,3,astar,150
0.14248,3,astar,150
300.0,3,astar,150
300.0,3,astar,150
300.0,3,astar,150
300.0,3,astar,150
300.0,3,astar,150
300.0,3,astar,150
0.169379,3,astar,150
300.0,3,astar,150
63.5685,3,astar,150
300.0,3,astar,150
300.0,3,astar,150
0.154212,3,astar,150
0.1289,3,astar,150
300.0,3,astar,150
2.19573,3,astar,150
0.0496082,3,astar,150
0.050498,3,astar,150
1.30174,3,astar,150
0.184665,3,astar,150
116.879,3,astar,150
300.0,3,astar,150
83.4735,3,astar,150
8.59995,3,astar,150
300.0,3,astar,150
125.068,3,astar,150
0.137532,3,astar,150
0.321539,3,astar,150
0.411966,3,astar,150
300.0,3,astar,150
300.0,3,astar,150
1.21847,3,astar,150
0.101817,3,astar,150
0.157912,3,astar,150
300.0,3,astar,150
0.0799129,3,astar,150
300.0,3,astar,150
300.0,3,astar,150
300.0,3,astar,150
300.0,3,astar,150
300.0,3,astar,150
0.202307,3,astar,150
300.0,3,astar,150
0.107194,3,astar,150
0.101314,3,astar,150
300.0,3,astar,150
0.12036,3,astar,150
0.0715091,3,astar,150
6.47711,4,birk,50
9.50429,4,birk,50
10.1484,4,birk,50
11.1117,4,birk,50
3.50413,4,birk,50
300.0,4,birk,50
4.72782,4,birk,50
3.94941,4,birk,50
11.9201,4,birk,50
5.73123,4,birk,50
300.0,4,birk,50
300.0,4,birk,50
13.7548,4,birk,50
7.87437,4,birk,50
9.17494,4,birk,50
3.41836,4,birk,50
5.51062,4,birk,50
300.0,4,birk,50
10.513,4,birk,50
300.0,4,birk,50
11.9204,4,birk,50
300.0,4,birk,50
8.41137,4,birk,50
10.8204,4,birk,50
300.0,4,birk,50
300.0,4,birk,50
300.0,4,birk,50
6.53214,4,birk,50
10.5538,4,birk,50
7.07462,4,birk,50
11.0669,4,birk,50
7.28335,4,birk,50
4.91432,4,birk,50
6.19392,4,birk,50
3.75953,4,birk,50
4.82522,4,birk,50
6.4142,4,birk,50
300.0,4,birk,50
3.10701,4,birk,50
300.0,4,birk,50
300.0,4,birk,50
4.26303,4,birk,50
7.09931,4,birk,50
300.0,4,birk,50
9.50488,4,birk,50
5.52534,4,birk,50
10.2803,4,birk,50
4.23755,4,birk,50
4.18053,4,birk,50
11.104,4,birk,50
0.0791885,4,dfs,50
2.96625,4,dfs,50
0.118188,4,dfs,50
0.136023,4,dfs,50
0.0530336,4,dfs,50
300.0,4,dfs,50
0.0618232,4,dfs,50
0.0532913,4,dfs,50
0.141519,4,dfs,50
0.0803519,4,dfs,50
0.717486,4,dfs,50
124.329,4,dfs,50
0.236174,4,dfs,50
0.103265,4,dfs,50
0.106451,4,dfs,50
0.0585371,4,dfs,50
0.151796,4,dfs,50
300.0,4,dfs,50
0.126815,4,dfs,50
300.0,4,dfs,50
0.267201,4,dfs,50
1.30524,4,dfs,50
0.199991,4,dfs,50
0.263192,4,dfs,50
26.8255,4,dfs,50
5.7549,4,dfs,50
10.1522,4,dfs,50
0.0797402,4,dfs,50
0.791118,4,dfs,50
0.0991352,4,dfs,50
5.19714,4,dfs,50
0.0923671,4,dfs,50
0.0753622,4,dfs,50
11.696,4,dfs,50
0.221628,4,dfs,50
0.169602,4,dfs,50
0.138356,4,dfs,50
300.0,4,dfs,50
0.049496,4,dfs,50
300.0,4,dfs,50
0.153452,4,dfs,50
0.0579023,4,dfs,50
1.70187,4,dfs,50
0.737213,4,dfs,50
115.514,4,dfs,50
92.045,4,dfs,50
0.115229,4,dfs,50
0.0634044,4,dfs,50
0.101791,4,dfs,50
0.180694,4,dfs,50
0.077816,4,astar,50
300.0,4,astar,50
0.128452,4,astar,50
0.147373,4,astar,50
0.0552718,4,astar,50
300.0,4,astar,50
0.0601729,4,astar,50
0.0563906,4,astar,50
0.14236,4,astar,50
0.0869551,4,astar,50
300.0,4,astar,50
300.0,4,astar,50
68.4071,4,astar,50
0.104598,4,astar,50
0.0996022,4,astar,50
0.0590999,4,astar,50
0.149579,4,astar,50
300.0,4,astar,50
0.118773,4,astar,50
300.0,4,astar,50
300.0,4,astar,50
300.0,4,astar,50
0.149483,4,astar,50
0.198647,4,astar,50
300.0,4,astar,50
80.2613,4,astar,50
300.0,4,astar,50
0.0872979,4,astar,50
300.0,4,astar,50
0.100411,4,astar,50
300.0,4,astar,50
0.0936329,4,astar,50
0.0777208,4,astar,50
300.0,4,astar,50
89.7416,4,astar,50
0.198469,4,astar,50
0.130883,4,astar,50
300.0,4,astar,50
0.0488646,4,astar,50
300.0,4,astar,50
1.40243,4,astar,50
0.0610187,4,astar,50
300.0,4,astar,50
300.0,4,astar,50
300.0,4,astar,50
38.8163,4,astar,50
0.118866,4,astar,50
0.0593466,4,astar,50
0.0913462,4,astar,50
0.155241,4,astar,50
6.17479,4,birk,100
8.62632,4,birk,100
7.45135,4,birk,100
6.86566,4,birk,100
300.0,4,birk,100
300.0,4,birk,100
12.8397,4,birk,100
300.0,4,birk,100
12.3559,4,birk,100
300.0,4,birk,100
6.65158,4,birk,100
7.51858,4,birk,100
300.0,4,birk,100
300.0,4,birk,100
300.0,4,birk,100
300.0,4,birk,100
300.0,4,birk,100
5.30906,4,birk,100
10.7404,4,birk,100
10.9387,4,birk,100
4.66318,4,birk,100
5.0045,4,birk,100
300.0,4,birk,100
300.0,4,birk,100
300.0,4,birk,100
300.0,4,birk,100
6.56601,4,birk,100
300.0,4,birk,100
5.89287,4,birk,100
300.0,4,birk,100
300.0,4,birk,100
12.0402,4,birk,100
9.98186,4,birk,100
9.60453,4,birk,100
300.0,4,birk,100
300.0,4,birk,100
300.0,4,birk,100
6.21093,4,birk,100
7.17346,4,birk,100
11.089,4,birk,100
13.0156,4,birk,100
300.0,4,birk,100
300.0,4,birk,100
14.0056,4,birk,100
8.66269,4,birk,100
300.0,4,birk,100
300.0,4,birk,100
14.7724,4,birk,100
5.64354,4,birk,100
4.09986,4,birk,100
0.0903688,4,dfs,100
0.110172,4,dfs,100
0.108264,4,dfs,100
0.0875862,4,dfs,100
300.0,4,dfs,100
120.646,4,dfs,100
0.280042,4,dfs,100
6.10747,4,dfs,100
1.07523,4,dfs,100
300.0,4,dfs,100
94.1708,4,dfs,100
0.226497,4,dfs,100
0.422339,4,dfs,100
0.121853,4,dfs,100
300.0,4,dfs,100
0.161733,4,dfs,100
1.5546,4,dfs,100
0.0895984,4,dfs,100
0.126877,4,dfs,100
0.135779,4,dfs,100
0.0643031,4,dfs,100
0.357664,4,dfs,100
0.185164,4,dfs,100
18.394,4,dfs,100
300.0,4,dfs,100
300.0,4,dfs,100
5.81591,4,dfs,100
9.68265,4,dfs,100
0.0827683,4,dfs,100
139.789,4,dfs,100
2.20158,4,dfs,100
0.171209,4,dfs,100
22.341,4,dfs,100
0.141695,4,dfs,100
300.0,4,dfs,100
0.178952,4,dfs,100
300.0,4,dfs,100
0.0911442,4,dfs,100
0.10548,4,dfs,100
0.264321,4,dfs,100
0.836712,4,dfs,100
300.0,4,dfs,100
300.0,4,dfs,100
0.17128,4,dfs,100
0.225623,4,dfs,100
1.59141,4,dfs,100
0.844397,4,dfs,100
0.250769,4,dfs,100
300.0,4,dfs,100
0.588156,4,dfs,100
0.0972686,4,astar,100
0.11545,4,astar,100
0.104258,4,astar,100
0.0835027,4,astar,100
300.0,4,astar,100
300.0,4,astar,100
0.226263,4,astar,100
300.0,4,astar,100
300.0,4,astar,100
300.0,4,astar,100
300.0,4,astar,100
0.201281,4,astar,100
136.764,4,astar,100
300.0,4,astar,100
300.0,4,astar,100
0.16525,4,astar,100
0.340414,4,astar,100
0.0844713,4,astar,100
0.121303,4,astar,100
0.19547,4,astar,100
0.0692158,4,astar,100
3.35596,4,astar,100
300.0,4,astar,100
300.0,4,astar,100
300.0,4,astar,100
300.0,4,astar,100
162.049,4,astar,100
300.0,4,astar,100
0.0877202,4,astar,100
300.0,4,astar,100
300.0,4,astar,100
0.177964,4,astar,100
0.25301,4,astar,100
0.154972,4,astar,100
300.0,4,astar,100
0.150271,4,astar,100
300.0,4,astar,100
0.0944584,4,astar,100
0.103248,4,astar,100
79.4506,4,astar,100
300.0,4,astar,100
300.0,4,astar,100
300.0,4,astar,100
0.168478,4,astar,100
0.168971,4,astar,100
300.0,4,astar,100
85.3381,4,astar,100
300.0,4,astar,100
300.0,4,astar,100
300.0,4,astar,100
9.15952,4,birk,150
11.077,4,birk,150
8.84166,4,birk,150
14.6407,4,birk,150
5.87502,4,birk,150
300.0,4,birk,150
11.4637,4,birk,150
300.0,4,birk,150
4.27747,4,birk,150
300.0,4,birk,150
14.1337,4,birk,150
300.0,4,birk,150
300.0,4,birk,150
11.5296,4,birk,150
6.92714,4,birk,150
300.0,4,birk,150
8.6263,4,birk,150
6.74324,4,birk,150
300.0,4,birk,150
300.0,4,birk,150
3.55119,4,birk,150
13.9412,4,birk,150
7.75057,4,birk,150
5.20015,4,birk,150
15.1829,4,birk,150
300.0,4,birk,150
300.0,4,birk,150
300.0,4,birk,150
300.0,4,birk,150
300.0,4,birk,150
300.0,4,birk,150
17.6612,4,birk,150
9.98009,4,birk,150
10.0409,4,birk,150
14.1871,4,birk,150
300.0,4,birk,150
6.59549,4,birk,150
300.0,4,birk,150
300.0,4,birk,150
10.1923,4,birk,150
300.0,4,birk,150
300.0,4,birk,150
12.9825,4,birk,150
300.0,4,birk,150
300.0,4,birk,150
8.02007,4,birk,150
300.0,4,birk,150
10.7266,4,birk,150
5.11203,4,birk,150
300.0,4,birk,150
0.117658,4,dfs,150
0.157772,4,dfs,150
0.127401,4,dfs,150
300.0,4,dfs,150
0.0872174,4,dfs,150
300.0,4,dfs,150
0.238984,4,dfs,150
1.54886,4,dfs,150
0.071644,4,dfs,150
12.8308,4,dfs,150
0.153637,4,dfs,150
300.0,4,dfs,150
139.327,4,dfs,150
0.132264,4,dfs,150
300.0,4,dfs,150
2.05684,4,dfs,150
0.832319,4,dfs,150
300.0,4,dfs,150
9.54601,4,dfs,150
300.0,4,dfs,150
0.114973,4,dfs,150
1.07437,4,dfs,150
0.33448,4,dfs,150
0.663578,4,dfs,150
0.180627,4,dfs,150
300.0,4,dfs,150
300.0,4,dfs,150
11.8803,4,dfs,150
300.0,4,dfs,150
300.0,4,dfs,150
300.0,4,dfs,150
0.232009,4,dfs,150
0.140572,4,dfs,150
0.112024,4,dfs,150
0.294878,4,dfs,150
6.23952,4,dfs,150
0.10622,4,dfs,150
300.0,4,dfs,150
300.0,4,dfs,150
0.322887,4,dfs,150
300.0,4,dfs,150
300.0,4,dfs,150
0.296283,4,dfs,150
300.0,4,dfs,150
300.0,4,dfs,150
0.222695,4,dfs,150
141.082,4,dfs,150
0.153468,4,dfs,150
0.0660362,4,dfs,150
300.0,4,dfs,150
0.11493,4,astar,150
0.142358,4,astar,150
0.127104,4,astar,150
150.101,4,astar,150
0.0867304,4,astar,150
300.0,4,astar,150
0.206629,4,astar,150
300.0,4,astar,150
0.0982948,4,astar,150
300.0,4,astar,150
0.159733,4,astar,150
300.0,4,astar,150
300.0,4,astar,150
0.150906,4,astar,150
300.0,4,astar,150
300.0,4,astar,150
300.0,4,astar,150
300.0,4,astar,150
300.0,4,astar,150
300.0,4,astar,150
0.0903374,4,astar,150
300.0,4,astar,150
0.220759,4,astar,150
0.382465,4,astar,150
0.19313,4,astar,150
300.0,4,astar,150
300.0,4,astar,150
300.0,4,astar,150
300.0,4,astar,150
300.0,4,astar,150
300.0,4,astar,150
300.0,4,astar,150
0.146333,4,astar,150
0.11167,4,astar,150
0.24153,4,astar,150
300.0,4,astar,150
0.0907302,4,astar,150
300.0,4,astar,150
300.0,4,astar,150
300.0,4,astar,150
300.0,4,astar,150
300.0,4,astar,150
0.261694,4,astar,150
300.0,4,astar,150
300.0,4,astar,150
0.274948,4,astar,150
300.0,4,astar,150
0.15525,4,astar,150
0.0797114,4,astar,150
300.0,4,astar,150
300.0,5,birk,50
300.0,5,birk,50
10.1529,5,birk,50
5.48147,5,birk,50
300.0,5,birk,50
300.0,5,birk,50
300.0,5,birk,50
300.0,5,birk,50
300.0,5,birk,50
10.9527,5,birk,50
8.52774,5,birk,50
8.07089,5,birk,50
7.82309,5,birk,50
300.0,5,birk,50
300.0,5,birk,50
300.0,5,birk,50
300.0,5,birk,50
300.0,5,birk,50
9.43777,5,birk,50
3.27979,5,birk,50
16.392,5,birk,50
300.0,5,birk,50
300.0,5,birk,50
300.0,5,birk,50
300.0,5,birk,50
9.9161,5,birk,50
4.50914,5,birk,50
300.0,5,birk,50
11.3262,5,birk,50
300.0,5,birk,50
13.613,5,birk,50
300.0,5,birk,50
300.0,5,birk,50
5.42408,5,birk,50
6.73561,5,birk,50
300.0,5,birk,50
300.0,5,birk,50
300.0,5,birk,50
300.0,5,birk,50
11.8434,5,birk,50
5.49028,5,birk,50
12.1479,5,birk,50
8.63867,5,birk,50
300.0,5,birk,50
11.5533,5,birk,50
7.45165,5,birk,50
300.0,5,birk,50
8.38531,5,birk,50
8.74176,5,birk,50
7.8582,5,birk,50
300.0,5,dfs,50
0.617166,5,dfs,50
0.109521,5,dfs,50
3.26173,5,dfs,50
300.0,5,dfs,50
300.0,5,dfs,50
300.0,5,dfs,50
0.876661,5,dfs,50
300.0,5,dfs,50
42.0949,5,dfs,50
6.06143,5,dfs,50
0.0862109,5,dfs,50
40.4511,5,dfs,50
300.0,5,dfs,50
300.0,5,dfs,50
300.0,5,dfs,50
0.212731,5,dfs,50
300.0,5,dfs,50
0.1085,5,dfs,50
0.0514082,5,dfs,50
300.0,5,dfs,50
300.0,5,dfs,50
0.152747,5,dfs,50
300.0,5,dfs,50
300.0,5,dfs,50
0.107245,5,dfs,50
0.101529,5,dfs,50
70.1331,5,dfs,50
0.423703,5,dfs,50
18.9045,5,dfs,50
0.150023,5,dfs,50
28.6967,5,dfs,50
300.0,5,dfs,50
0.0667827,5,dfs,50
1.03154,5,dfs,50
300.0,5,dfs,50
0.197888,5,dfs,50
0.0828359,5,dfs,50
300.0,5,dfs,50
0.126661,5,dfs,50
0.0816341,5,dfs,50
0.119868,5,dfs,50
0.126608,5,dfs,50
43.4308,5,dfs,50
0.269677,5,dfs,50
0.105452,5,dfs,50
300.0,5,dfs,50
0.0966881,5,dfs,50
0.108389,5,dfs,50
0.464479,5,dfs,50
300.0,5,astar,50
0.42483,5,astar,50
0.11018,5,astar,50
300.0,5,astar,50
300.0,5,astar,50
300.0,5,astar,50
300.0,5,astar,50
300.0,5,astar,50
300.0,5,astar,50
300.0,5,astar,50
300.0,5,astar,50
0.0897186,5,astar,50
9.70104,5,astar,50
300.0,5,astar,50
300.0,5,astar,50
300.0,5,astar,50
0.201376,5,astar,50
300.0,5,astar,50
0.115312,5,astar,50
0.0530337,5,astar,50
300.0,5,astar,50
300.0,5,astar,50
0.137291,5,astar,50
300.0,5,astar,50
300.0,5,astar,50
0.108014,5,astar,50
0.0960484,5,astar,50
300.0,5,astar,50
0.269004,5,astar,50
300.0,5,astar,50
0.152055,5,astar,50
300.0,5,astar,50
300.0,5,astar,50
0.0703417,5,astar,50
300.0,5,astar,50
300.0,5,astar,50
0.14306,5,astar,50
0.087418,5,astar,50
300.0,5,astar,50
0.130578,5,astar,50
0.0812306,5,astar,50
0.125915,5,astar,50
0.126197,5,astar,50
300.0,5,astar,50
0.188942,5,astar,50
0.109805,5,astar,50
300.0,5,astar,50
0.0865316,5,astar,50
0.121094,5,astar,50
0.252067,5,astar,50
300.0,5,birk,100
300.0,5,birk,100
8.42149,5,birk,100
17.3975,5,birk,100
4.57993,5,birk,100
300.0,5,birk,100
300.0,5,birk,100
14.777,5,birk,100
300.0,5,birk,100
300.0,5,birk,100
300.0,5,birk,100
300.0,5,birk,100
300.0,5,birk,100
300.0,5,birk,100
300.0,5,birk,100
300.0,5,birk,100
12.2416,5,birk,100
300.0,5,birk,100
300.0,5,birk,100
8.56082,5,birk,100
300.0,5,birk,100
8.24447,5,birk,100
300.0,5,birk,100
300.0,5,birk,100
300.0,5,birk,100
8.55963,5,birk,100
300.0,5,birk,100
300.0,5,birk,100
15.6319,5,birk,100
16.8852,5,birk,100
300.0,5,birk,100
7.13728,5,birk,100
12.2604,5,birk,100
300.0,5,birk,100
300.0,5,birk,100
300.0,5,birk,100
300.0,5,birk,100
15.6901,5,birk,100
12.6397,5,birk,100
6.33271,5,birk,100
24.2824,5,birk,100
10.8563,5,birk,100
300.0,5,birk,100
11.7066,5,birk,100
300.0,5,birk,100
13.49,5,birk,100
300.0,5,birk,100
300.0,5,birk,100
8.96204,5,birk,100
15.3646,5,birk,100
49.4265,5,dfs,100
0.0833616,5,dfs,100
0.688567,5,dfs,100
6.03052,5,dfs,100
0.0770017,5,dfs,100
18.0871,5,dfs,100
142.463,5,dfs,100
0.220355,5,dfs,100
300.0,5,dfs,100
300.0,5,dfs,100
30.614,5,dfs,100
300.0,5,dfs,100
300.0,5,dfs,100
300.0,5,dfs,100
300.0,5,dfs,100
0.407698,5,dfs,100
0.118469,5,dfs,100
0.139319,5,dfs,100
300.0,5,dfs,100
0.401927,5,dfs,100
300.0,5,dfs,100
0.0980852,5,dfs,100
20.5623,5,dfs,100
300.0,5,dfs,100
193.062,5,dfs,100
0.961071,5,dfs,100
300.0,5,dfs,100
300.0,5,dfs,100
0.176731,5,dfs,100
0.189882,5,dfs,100
4.20525,5,dfs,100
0.260844,5,dfs,100
0.130277,5,dfs,100
2.09178,5,dfs,100
300.0,5,dfs,100
300.0,5,dfs,100
300.0,5,dfs,100
2.74212,5,dfs,100
1.02841,5,dfs,100
0.106393,5,dfs,100
300.0,5,dfs,100
0.117223,5,dfs,100
300.0,5,dfs,100
0.118556,5,dfs,100
0.234101,5,dfs,100
0.177267,5,dfs,100
300.0,5,dfs,100
300.0,5,dfs,100
0.116766,5,dfs,100
300.0,5,dfs,100
300.0,5,astar,100
0.0881932,5,astar,100
0.210807,5,astar,100
300.0,5,astar,100
0.0624767,5,astar,100
300.0,5,astar,100
300.0,5,astar,100
0.221504,5,astar,100
300.0,5,astar,100
300.0,5,astar,100
300.0,5,astar,100
300.0,5,astar,100
300.0,5,astar,100
300.0,5,astar,100
300.0,5,astar,100
59.6154,5,astar,100
0.12108,5,astar,100
0.131787,5,astar,100
300.0,5,astar,100
0.284947,5,astar,100
300.0,5,astar,100
0.100202,5,astar,100
300.0,5,astar,100
300.0,5,astar,100
300.0,5,astar,100
0.404627,5,astar,100
300.0,5,astar,100
300.0,5,astar,100
0.170371,5,astar,100
0.180794,5,astar,100
300.0,5,astar,100
0.18661,5,astar,100
0.136211,5,astar,100
71.1858,5,astar,100
300.0,5,astar,100
300.0,5,astar,100
22.8117,5,astar,100
300.0,5,astar,100
300.0,5,astar,100
0.0958348,5,astar,100
300.0,5,astar,100
0.123361,5,astar,100
300.0,5,astar,100
0.115216,5,astar,100
0.226479,5,astar,100
0.177601,5,astar,100
300.0,5,astar,100
300.0,5,astar,100
0.1275,5,astar,100
300.0,5,astar,100
300.0,5,birk,150
300.0,5,birk,150
8.68532,5,birk,150
300.0,5,birk,150
300.0,5,birk,150
300.0,5,birk,150
300.0,5,birk,150
12.4431,5,birk,150
14.4949,5,birk,150
300.0,5,birk,150
14.9994,5,birk,150
7.61993,5,birk,150
21.5248,5,birk,150
300.0,5,birk,150
6.36334,5,birk,150
300.0,5,birk,150
300.0,5,birk,150
300.0,5,birk,150
300.0,5,birk,150
300.0,5,birk,150
6.27748,5,birk,150
300.0,5,birk,150
300.0,5,birk,150
300.0,5,birk,150
300.0,5,birk,150
300.0,5,birk,150
300.0,5,birk,150
300.0,5,birk,150
300.0,5,birk,150
300.0,5,birk,150
300.0,5,birk,150
300.0,5,birk,150
300.0,5,birk,150
12.9151,5,birk,150
300.0,5,birk,150
6.3187,5,birk,150
300.0,5,birk,150
300.0,5,birk,150
11.6354,5,birk,150
300.0,5,birk,150
15.9625,5,birk,150
7.94329,5,birk,150
300.0,5,birk,150
23.6754,5,birk,150
17.4466,5,birk,150
300.0,5,birk,150
300.0,5,birk,150
25.1449,5,birk,150
17.0062,5,birk,150
300.0,5,birk,150
300.0,5,dfs,150
300.0,5,dfs,150
0.110976,5,dfs,150
300.0,5,dfs,150
300.0,5,dfs,150
300.0,5,dfs,150
219.632,5,dfs,150
0.153689,5,dfs,150
0.331429,5,dfs,150
300.0,5,dfs,150
0.167714,5,dfs,150
0.64369,5,dfs,150
10.0579,5,dfs,150
300.0,5,dfs,150
0.0869975,5,dfs,150
300.0,5,dfs,150
300.0,5,dfs,150
47.373,5,dfs,150
300.0,5,dfs,150
300.0,5,dfs,150
0.190874,5,dfs,150
1.46411,5,dfs,150
300.0,5,dfs,150
1.84726,5,dfs,150
6.56261,5,dfs,150
300.0,5,dfs,150
300.0,5,dfs,150
300.0,5,dfs,150
300.0,5,dfs,150
300.0,5,dfs,150
0.967529,5,dfs,150
300.0,5,dfs,150
300.0,5,dfs,150
0.153479,5,dfs,150
300.0,5,dfs,150
0.0819522,5,dfs,150
300.0,5,dfs,150
300.0,5,dfs,150
0.135242,5,dfs,150
52.3642,5,dfs,150
0.158566,5,dfs,150
2.56802,5,dfs,150
3.43093,5,dfs,150
4.96561,5,dfs,150
205.968,5,dfs,150
0.984321,5,dfs,150
300.0,5,dfs,150
13.3864,5,dfs,150
7.43687,5,dfs,150
300.0,5,dfs,150
300.0,5,astar,150
300.0,5,astar,150
0.111116,5,astar,150
300.0,5,astar,150
300.0,5,astar,150
300.0,5,astar,150
300.0,5,astar,150
0.145072,5,astar,150
0.401396,5,astar,150
300.0,5,astar,150
27.8845,5,astar,150
0.477282,5,astar,150
300.0,5,astar,150
300.0,5,astar,150
0.0780147,5,astar,150
300.0,5,astar,150
300.0,5,astar,150
300.0,5,astar,150
300.0,5,astar,150
300.0,5,astar,150
300.0,5,astar,150
300.0,5,astar,150
300.0,5,astar,150
0.345109,5,astar,150
300.0,5,astar,150
300.0,5,astar,150
300.0,5,astar,150
300.0,5,astar,150
300.0,5,astar,150
300.0,5,astar,150
0.604845,5,astar,150
300.0,5,astar,150
300.0,5,astar,150
0.151445,5,astar,150
300.0,5,astar,150
0.0934982,5,astar,150
300.0,5,astar,150
300.0,5,astar,150
0.130685,5,astar,150
300.0,5,astar,150
0.180573,5,astar,150
240.318,5,astar,150
300.0,5,astar,150
300.0,5,astar,150
300.0,5,astar,150
300.0,5,astar,150
300.0,5,astar,150
300.0,5,astar,150
300.0,5,astar,150
300.0,5,astar,150
18.6172,6,birk,50
300.0,6,birk,50
10.3454,6,birk,50
10.4786,6,birk,50
9.53197,6,birk,50
18.0938,6,birk,50
300.0,6,birk,50
17.4647,6,birk,50
12.4715,6,birk,50
8.87824,6,birk,50
12.3545,6,birk,50
300.0,6,birk,50
300.0,6,birk,50
16.8903,6,birk,50
7.17541,6,birk,50
300.0,6,birk,50
300.0,6,birk,50
4.76245,6,birk,50
300.0,6,birk,50
300.0,6,birk,50
6.34584,6,birk,50
7.07772,6,birk,50
300.0,6,birk,50
9.39217,6,birk,50
300.0,6,birk,50
13.9193,6,birk,50
10.0336,6,birk,50
300.0,6,birk,50
12.7679,6,birk,50
12.0013,6,birk,50
15.3026,6,birk,50
300.0,6,birk,50
300.0,6,birk,50
10.9364,6,birk,50
300.0,6,birk,50
300.0,6,birk,50
300.0,6,birk,50
300.0,6,birk,50
300.0,6,birk,50
9.09486,6,birk,50
10.7516,6,birk,50
16.878,6,birk,50
7.21154,6,birk,50
300.0,6,birk,50
8.69337,6,birk,50
300.0,6,birk,50
13.3871,6,birk,50
300.0,6,birk,50
300.0,6,birk,50
300.0,6,birk,50
300.0,6,dfs,50
9.73474,6,dfs,50
300.0,6,dfs,50
0.11198,6,dfs,50
300.0,6,dfs,50
0.575219,6,dfs,50
300.0,6,dfs,50
0.191986,6,dfs,50
0.122329,6,dfs,50
0.0989658,6,dfs,50
5.00239,6,dfs,50
300.0,6,dfs,50
300.0,6,dfs,50
0.550276,6,dfs,50
0.236349,6,dfs,50
300.0,6,dfs,50
300.0,6,dfs,50
0.0766028,6,dfs,50
300.0,6,dfs,50
300.0,6,dfs,50
0.832345,6,dfs,50
0.0815803,6,dfs,50
300.0,6,dfs,50
0.595637,6,dfs,50
300.0,6,dfs,50
0.155766,6,dfs,50
0.405199,6,dfs,50
0.165425,6,dfs,50
0.131322,6,dfs,50
0.239627,6,dfs,50
0.802548,6,dfs,50
0.199042,6,dfs,50
300.0,6,dfs,50
175.432,6,dfs,50
1.04196,6,dfs,50
4.00069,6,dfs,50
300.0,6,dfs,50
300.0,6,dfs,50
300.0,6,dfs,50
0.154143,6,dfs,50
0.330147,6,dfs,50
0.299021,6,dfs,50
0.091372,6,dfs,50
10.7594,6,dfs,50
0.0891593,6,dfs,50
300.0,6,dfs,50
0.124158,6,dfs,50
254.248,6,dfs,50
193.641,6,dfs,50
300.0,6,dfs,50
300.0,6,astar,50
300.0,6,astar,50
300.0,6,astar,50
0.11521,6,astar,50
300.0,6,astar,50
300.0,6,astar,50
300.0,6,astar,50
0.189786,6,astar,50
0.1289,6,astar,50
0.113582,6,astar,50
300.0,6,astar,50
300.0,6,astar,50
300.0,6,astar,50
0.360579,6,astar,50
0.131707,6,astar,50
300.0,6,astar,50
300.0,6,astar,50
0.0723581,6,astar,50
300.0,6,astar,50
300.0,6,astar,50
300.0,6,astar,50
0.0841965,6,astar,50
300.0,6,astar,50
0.207828,6,astar,50
300.0,6,astar,50
0.16154,6,astar,50
0.311299,6,astar,50
0.246721,6,astar,50
0.139059,6,astar,50
0.243833,6,astar,50
0.489329,6,astar,50
0.204391,6,astar,50
300.0,6,astar,50
300.0,6,astar,50
300.0,6,astar,50
300.0,6,astar,50
300.0,6,astar,50
300.0,6,astar,50
300.0,6,astar,50
0.129791,6,astar,50
0.172158,6,astar,50
0.237444,6,astar,50
0.0969329,6,astar,50
300.0,6,astar,50
0.0849753,6,astar,50
300.0,6,astar,50
0.12594,6,astar,50
300.0,6,astar,50
300.0,6,astar,50
300.0,6,astar,50
300.0,6,birk,100
300.0,6,birk,100
17.3999,6,birk,100
13.0068,6,birk,100
300.0,6,birk,100
300.0,6,birk,100
14.044,6,birk,100
17.2765,6,birk,100
23.3001,6,birk,100
13.1469,6,birk,100
300.0,6,birk,100
300.0,6,birk,100
10.2989,6,birk,100
14.252,6,birk,100
300.0,6,birk,100
300.0,6,birk,100
300.0,6,birk,100
19.0053,6,birk,100
17.7708,6,birk,100
300.0,6,birk,100
13.9685,6,birk,100
300.0,6,birk,100
22.5969,6,birk,100
14.722,6,birk,100
300.0,6,birk,100
300.0,6,birk,100
300.0,6,birk,100
300.0,6,birk,100
300.0,6,birk,100
19.1686,6,birk,100
300.0,6,birk,100
300.0,6,birk,100
14.377,6,birk,100
300.0,6,birk,100
21.5501,6,birk,100
12.1459,6,birk,100
300.0,6,birk,100
300.0,6,birk,100
12.5186,6,birk,100
24.8828,6,birk,100
300.0,6,birk,100
300.0,6,birk,100
300.0,6,birk,100
300.0,6,birk,100
9.09618,6,birk,100
300.0,6,birk,100
300.0,6,birk,100
17.0633,6,birk,100
10.076,6,birk,100
8.71438,6,birk,100
36.1379,6,dfs,100
300.0,6,dfs,100
5.90325,6,dfs,100
0.138392,6,dfs,100
300.0,6,dfs,100
300.0,6,dfs,100
0.438464,6,dfs,100
300.0,6,dfs,100
0.823859,6,dfs,100
0.146524,6,dfs,100
300.0,6,dfs,100
300.0,6,dfs,100
3.73065,6,dfs,100
5.1293,6,dfs,100
300.0,6,dfs,100
300.0,6,dfs,100
300.0,6,dfs,100
0.178182,6,dfs,100
0.3727,6,dfs,100
300.0,6,dfs,100
0.183816,6,dfs,100
25.6347,6,dfs,100
0.19456,6,dfs,100
0.971526,6,dfs,100
300.0,6,dfs,100
300.0,6,dfs,100
300.0,6,dfs,100
300.0,6,dfs,100
300.0,6,dfs,100
3.29282,6,dfs,100
300.0,6,dfs,100
300.0,6,dfs,100
3.15379,6,dfs,100
300.0,6,dfs,100
300.0,6,dfs,100
1.97101,6,dfs,100
85.7485,6,dfs,100
300.0,6,dfs,100
0.501522,6,dfs,100
300.0,6,dfs,100
300.0,6,dfs,100
300.0,6,dfs,100
300.0,6,dfs,100
300.0,6,dfs,100
0.492021,6,dfs,100
59.5336,6,dfs,100
87.4778,6,dfs,100
1.34978,6,dfs,100
0.288758,6,dfs,100
0.0919405,6,dfs,100
300.0,6,astar,100
300.0,6,astar,100
5.04514,6,astar,100
0.140532,6,astar,100
300.0,6,astar,100
300.0,6,astar,100
300.0,6,astar,100
300.0,6,astar,100
300.0,6,astar,100
0.149041,6,astar,100
300.0,6,astar,100
300.0,6,astar,100
0.612999,6,astar,100
1.36427,6,astar,100
300.0,6,astar,100
300.0,6,astar,100
300.0,6,astar,100
0.175191,6,astar,100
300.0,6,astar,100
300.0,6,astar,100
23.5918,6,astar,100
300.0,6,astar,100
0.183918,6,astar,100
0.918682,6,astar,100
300.0,6,astar,100
300.0,6,astar,100
300.0,6,astar,100
300.0,6,astar,100
300.0,6,astar,100
300.0,6,astar,100
300.0,6,astar,100
300.0,6,astar,100
0.634703,6,astar,100
300.0,6,astar,100
300.0,6,astar,100
0.992873,6,astar,100
300.0,6,astar,100
300.0,6,astar,100
0.655152,6,astar,100
300.0,6,astar,100
300.0,6,astar,100
300.0,6,astar,100
300.0,6,astar,100
300.0,6,astar,100
0.230707,6,astar,100
300.0,6,astar,100
300.0,6,astar,100
0.482265,6,astar,100
0.161899,6,astar,100
0.0941859,6,astar,100
300.0,6,birk,150
18.3649,6,birk,150
300.0,6,birk,150
8.99586,6,birk,150
24.3865,6,birk,150
300.0,6,birk,150
300.0,6,birk,150
300.0,6,birk,150
300.0,6,birk,150
300.0,6,birk,150
19.2621,6,birk,150
300.0,6,birk,150
12.6886,6,birk,150
17.3849,6,birk,150
15.2261,6,birk,150
300.0,6,birk,150
17.0882,6,birk,150
300.0,6,birk,150
20.1731,6,birk,150
300.0,6,birk,150
300.0,6,birk,150
300.0,6,birk,150
15.3812,6,birk,150
19.5884,6,birk,150
300.0,6,birk,150
300.0,6,birk,150
300.0,6,birk,150
300.0,6,birk,150
300.0,6,birk,150
300.0,6,birk,150
29.3887,6,birk,150
19.3563,6,birk,150
26.2335,6,birk,150
300.0,6,birk,150
17.198,6,birk,150
16.6577,6,birk,150
31.2494,6,birk,150
300.0,6,birk,150
300.0,6,birk,150
300.0,6,birk,150
28.0835,6,birk,150
300.0,6,birk,150
25.0054,6,birk,150
300.0,6,birk,150
300.0,6,birk,150
22.488,6,birk,150
300.0,6,birk,150
16.7879,6,birk,150
300.0,6,birk,150
15.7855,6,birk,150
300.0,6,dfs,150
0.24118,6,dfs,150
300.0,6,dfs,150
0.100387,6,dfs,150
1.00725,6,dfs,150
300.0,6,dfs,150
79.9969,6,dfs,150
300.0,6,dfs,150
300.0,6,dfs,150
300.0,6,dfs,150
0.220057,6,dfs,150
300.0,6,dfs,150
0.134644,6,dfs,150
0.170961,6,dfs,150
0.162214,6,dfs,150
300.0,6,dfs,150
1.00458,6,dfs,150
300.0,6,dfs,150
0.233321,6,dfs,150
300.0,6,dfs,150
300.0,6,dfs,150
300.0,6,dfs,150
0.282979,6,dfs,150
1.92032,6,dfs,150
300.0,6,dfs,150
300.0,6,dfs,150
0.36245,6,dfs,150
300.0,6,dfs,150
300.0,6,dfs,150
104.194,6,dfs,150
0.774738,6,dfs,150
0.292895,6,dfs,150
0.259201,6,dfs,150
300.0,6,dfs,150
0.874504,6,dfs,150
0.183838,6,dfs,150
2.99729,6,dfs,150
300.0,6,dfs,150
300.0,6,dfs,150
300.0,6,dfs,150
6.25207,6,dfs,150
300.0,6,dfs,150
300.0,6,dfs,150
20.6013,6,dfs,150
300.0,6,dfs,150
0.217309,6,dfs,150
26.1188,6,dfs,150
0.516223,6,dfs,150
300.0,6,dfs,150
0.168857,6,dfs,150
300.0,6,astar,150
0.253797,6,astar,150
300.0,6,astar,150
0.102694,6,astar,150
0.815146,6,astar,150
300.0,6,astar,150
300.0,6,astar,150
300.0,6,astar,150
300.0,6,astar,150
300.0,6,astar,150
0.404721,6,astar,150
300.0,6,astar,150
0.137357,6,astar,150
0.175552,6,astar,150
0.161728,6,astar,150
300.0,6,astar,150
0.322602,6,astar,150
5.49203,6,astar,150
0.205888,6,astar,150
300.0,6,astar,150
300.0,6,astar,150
300.0,6,astar,150
0.263319,6,astar,150
0.797293,6,astar,150
300.0,6,astar,150
300.0,6,astar,150
300.0,6,astar,150
300.0,6,astar,150
300.0,6,astar,150
300.0,6,astar,150
300.0,6,astar,150
300.0,6,astar,150
0.266688,6,astar,150
300.0,6,astar,150
0.62726,6,astar,150
0.17725,6,astar,150
300.0,6,astar,150
300.0,6,astar,150
300.0,6,astar,150
300.0,6,astar,150
300.0,6,astar,150
300.0,6,astar,150
300.0,6,astar,150
300.0,6,astar,150
300.0,6,astar,150
0.202273,6,astar,150
300.0,6,astar,150
0.262384,6,astar,150
300.0,6,astar,150
0.172833,6,astar,150
17.0003,7,birk,50
18.6644,7,birk,50
14.9549,7,birk,50
7.04681,7,birk,50
300.0,7,birk,50
14.8783,7,birk,50
300.0,7,birk,50
300.0,7,birk,50
300.0,7,birk,50
300.0,7,birk,50
300.0,7,birk,50
14.3535,7,birk,50
13.1986,7,birk,50
14.8812,7,birk,50
12.3288,7,birk,50
9.22363,7,birk,50
300.0,7,birk,50
18.2413,7,birk,50
300.0,7,birk,50
300.0,7,birk,50
300.0,7,birk,50
300.0,7,birk,50
300.0,7,birk,50
19.072,7,birk,50
21.7761,7,birk,50
15.199,7,birk,50
11.2344,7,birk,50
14.825,7,birk,50
18.2786,7,birk,50
300.0,7,birk,50
300.0,7,birk,50
17.3903,7,birk,50
13.5997,7,birk,50
9.52305,7,birk,50
300.0,7,birk,50
300.0,7,birk,50
300.0,7,birk,50
300.0,7,birk,50
18.9883,7,birk,50
14.8716,7,birk,50
300.0,7,birk,50
19.4181,7,birk,50
300.0,7,birk,50
300.0,7,birk,50
8.4329,7,birk,50
300.0,7,birk,50
300.0,7,birk,50
300.0,7,birk,50
300.0,7,birk,50
9.77622,7,birk,50
1.74437,7,dfs,50
3.25934,7,dfs,50
0.264903,7,dfs,50
0.110556,7,dfs,50
300.0,7,dfs,50
161.889,7,dfs,50
300.0,7,dfs,50
300.0,7,dfs,50
300.0,7,dfs,50
300.0,7,dfs,50
300.0,7,dfs,50
0.686754,7,dfs,50
300.0,7,dfs,50
0.402191,7,dfs,50
0.129492,7,dfs,50
0.129984,7,dfs,50
300.0,7,dfs,50
0.313898,7,dfs,50
0.464508,7,dfs,50
300.0,7,dfs,50
300.0,7,dfs,50
300.0,7,dfs,50
40.1659,7,dfs,50
0.215384,7,dfs,50
1.51683,7,dfs,50
0.350778,7,dfs,50
0.353844,7,dfs,50
0.150356,7,dfs,50
0.180684,7,dfs,50
40.0711,7,dfs,50
300.0,7,dfs,50
0.17089,7,dfs,50
0.369681,7,dfs,50
0.162657,7,dfs,50
300.0,7,dfs,50
173.527,7,dfs,50
300.0,7,dfs,50
300.0,7,dfs,50
0.137208,7,dfs,50
300.0,7,dfs,50
300.0,7,dfs,50
0.161163,7,dfs,50
300.0,7,dfs,50
300.0,7,dfs,50
0.602252,7,dfs,50
300.0,7,dfs,50
300.0,7,dfs,50
300.0,7,dfs,50
103.878,7,dfs,50
300.0,7,dfs,50
0.487322,7,astar,50
0.296319,7,astar,50
0.379238,7,astar,50
0.142129,7,astar,50
300.0,7,astar,50
300.0,7,astar,50
300.0,7,astar,50
300.0,7,astar,50
300.0,7,astar,50
300.0,7,astar,50
300.0,7,astar,50
0.384355,7,astar,50
300.0,7,astar,50
0.331248,7,astar,50
0.13383,7,astar,50
0.402958,7,astar,50
300.0,7,astar,50
300.0,7,astar,50
300.0,7,astar,50
300.0,7,astar,50
300.0,7,astar,50
300.0,7,astar,50
300.0,7,astar,50
0.229297,7,astar,50
5.77332,7,astar,50
300.0,7,astar,50
300.0,7,astar,50
0.131956,7,astar,50
0.169544,7,astar,50
300.0,7,astar,50
300.0,7,astar,50
0.171405,7,astar,50
7.03378,7,astar,50
0.148236,7,astar,50
300.0,7,astar,50
300.0,7,astar,50
300.0,7,astar,50
300.0,7,astar,50
0.147622,7,astar,50
300.0,7,astar,50
300.0,7,astar,50
0.179323,7,astar,50
300.0,7,astar,50
300.0,7,astar,50
0.289019,7,astar,50
300.0,7,astar,50
300.0,7,astar,50
300.0,7,astar,50
300.0,7,astar,50
0.861492,7,astar,50
22.0273,7,birk,100
300.0,7,birk,100
24.6994,7,birk,100
300.0,7,birk,100
8.02091,7,birk,100
15.2885,7,birk,100
300.0,7,birk,100
21.8556,7,birk,100
300.0,7,birk,100
300.0,7,birk,100
300.0,7,birk,100
300.0,7,birk,100
23.7225,7,birk,100
15.2238,7,birk,100
19.7156,7,birk,100
300.0,7,birk,100
300.0,7,birk,100
300.0,7,birk,100
14.1918,7,birk,100
22.473,7,birk,100
11.8638,7,birk,100
300.0,7,birk,100
300.0,7,birk,100
300.0,7,birk,100
300.0,7,birk,100
300.0,7,birk,100
19.2354,7,birk,100
19.6517,7,birk,100
26.237,7,birk,100
12.4555,7,birk,100
300.0,7,birk,100
300.0,7,birk,100
19.5605,7,birk,100
300.0,7,birk,100
22.0228,7,birk,100
300.0,7,birk,100
9.67163,7,birk,100
7.36956,7,birk,100
12.3372,7,birk,100
23.28,7,birk,100
15.0364,7,birk,100
16.4429,7,birk,100
300.0,7,birk,100
300.0,7,birk,100
10.3683,7,birk,100
13.6649,7,birk,100
300.0,7,birk,100
15.1731,7,birk,100
300.0,7,birk,100
300.0,7,birk,100
0.282611,7,dfs,100
300.0,7,dfs,100
0.22254,7,dfs,100
300.0,7,dfs,100
0.0965557,7,dfs,100
0.156096,7,dfs,100
300.0,7,dfs,100
0.864828,7,dfs,100
300.0,7,dfs,100
300.0,7,dfs,100
300.0,7,dfs,100
300.0,7,dfs,100
0.200997,7,dfs,100
4.01598,7,dfs,100
0.191262,7,dfs,100
300.0,7,dfs,100
0.210548,7,dfs,100
1.27939,7,dfs,100
0.173137,7,dfs,100
0.215181,7,dfs,100
0.137533,7,dfs,100
300.0,7,dfs,100
300.0,7,dfs,100
300.0,7,dfs,100
300.0,7,dfs,100
300.0,7,dfs,100
0.444531,7,dfs,100
257.161,7,dfs,100
300.0,7,dfs,100
0.133016,7,dfs,100
300.0,7,dfs,100
62.4762,7,dfs,100
0.17685,7,dfs,100
300.0,7,dfs,100
0.273207,7,dfs,100
300.0,7,dfs,100
0.19835,7,dfs,100
0.368252,7,dfs,100
203.078,7,dfs,100
32.484,7,dfs,100
0.496916,7,dfs,100
0.164916,7,dfs,100
300.0,7,dfs,100
300.0,7,dfs,100
0.109398,7,dfs,100
0.419383,7,dfs,100
300.0,7,dfs,100
0.43388,7,dfs,100
300.0,7,dfs,100
300.0,7,dfs,100
0.260964,7,astar,100
300.0,7,astar,100
0.22815,7,astar,100
300.0,7,astar,100
0.0906557,7,astar,100
0.157151,7,astar,100
300.0,7,astar,100
1.55658,7,astar,100
300.0,7,astar,100
300.0,7,astar,100
300.0,7,astar,100
300.0,7,astar,100
0.180049,7,astar,100
0.545658,7,astar,100
0.201905,7,astar,100
300.0,7,astar,100
0.235861,7,astar,100
0.787594,7,astar,100
0.179064,7,astar,100
0.216419,7,astar,100
0.145104,7,astar,100
300.0,7,astar,100
2.22931,7,astar,100
300.0,7,astar,100
300.0,7,astar,100
300.0,7,astar,100
0.750232,7,astar,100
300.0,7,astar,100
300.0,7,astar,100
0.13517,7,astar,100
300.0,7,astar,100
300.0,7,astar,100
0.183232,7,astar,100
300.0,7,astar,100
115.363,7,astar,100
300.0,7,astar,100
0.155547,7,astar,100
0.688488,7,astar,100
300.0,7,astar,100
4.64112,7,astar,100
0.295102,7,astar,100
0.170923,7,astar,100
300.0,7,astar,100
300.0,7,astar,100
0.112753,7,astar,100
2.66722,7,astar,100
300.0,7,astar,100
1.90222,7,astar,100
300.0,7,astar,100
300.0,7,astar,100
300.0,7,birk,150
300.0,7,birk,150
300.0,7,birk,150
300.0,7,birk,150
300.0,7,birk,150
300.0,7,birk,150
300.0,7,birk,150
300.0,7,birk,150
18.0093,7,birk,150
300.0,7,birk,150
300.0,7,birk,150
300.0,7,birk,150
11.7779,7,birk,150
300.0,7,birk,150
300.0,7,birk,150
300.0,7,birk,150
300.0,7,birk,150
300.0,7,birk,150
300.0,7,birk,150
25.7847,7,birk,150
300.0,7,birk,150
30.212,7,birk,150
22.357,7,birk,150
27.3004,7,birk,150
300.0,7,birk,150
300.0,7,birk,150
18.0912,7,birk,150
25.5647,7,birk,150
300.0,7,birk,150
300.0,7,birk,150
300.0,7,birk,150
300.0,7,birk,150
300.0,7,birk,150
300.0,7,birk,150
14.7708,7,birk,150
16.116,7,birk,150
300.0,7,birk,150
300.0,7,birk,150
36.3684,7,birk,150
300.0,7,birk,150
19.4089,7,birk,150
300.0,7,birk,150
24.1658,7,birk,150
21.6452,7,birk,150
36.8091,7,birk,150
36.727,7,birk,150
300.0,7,birk,150
300.0,7,birk,150
24.2418,7,birk,150
300.0,7,birk,150
300.0,7,dfs,150
300.0,7,dfs,150
6.65885,7,dfs,150
300.0,7,dfs,150
300.0,7,dfs,150
7.31247,7,dfs,150
300.0,7,dfs,150
300.0,7,dfs,150
2.90699,7,dfs,150
300.0,7,dfs,150
300.0,7,dfs,150
300.0,7,dfs,150
0.138983,7,dfs,150
300.0,7,dfs,150
300.0,7,dfs,150
300.0,7,dfs,150
300.0,7,dfs,150
300.0,7,dfs,150
300.0,7,dfs,150
56.4038,7,dfs,150
0.235119,7,dfs,150
300.0,7,dfs,150
300.0,7,dfs,150
7.94962,7,dfs,150
300.0,7,dfs,150
50.5431,7,dfs,150
0.19954,7,dfs,150
4.74088,7,dfs,150
300.0,7,dfs,150
300.0,7,dfs,150
300.0,7,dfs,150
300.0,7,dfs,150
300.0,7,dfs,150
300.0,7,dfs,150
0.41613,7,dfs,150
0.15291,7,dfs,150
300.0,7,dfs,150
22.9167,7,dfs,150
300.0,7,dfs,150
300.0,7,dfs,150
3.54444,7,dfs,150
300.0,7,dfs,150
5.30774,7,dfs,150
300.0,7,dfs,150
70.2712,7,dfs,150
136.732,7,dfs,150
300.0,7,dfs,150
300.0,7,dfs,150
0.659267,7,dfs,150
300.0,7,dfs,150
300.0,7,astar,150
300.0,7,astar,150
300.0,7,astar,150
300.0,7,astar,150
300.0,7,astar,150
300.0,7,astar,150
300.0,7,astar,150
300.0,7,astar,150
1.98168,7,astar,150
300.0,7,astar,150
300.0,7,astar,150
300.0,7,astar,150
0.134994,7,astar,150
300.0,7,astar,150
300.0,7,astar,150
300.0,7,astar,150
300.0,7,astar,150
300.0,7,astar,150
300.0,7,astar,150
1.58698,7,astar,150
1.44703,7,astar,150
300.0,7,astar,150
300.0,7,astar,150
2.74774,7,astar,150
300.0,7,astar,150
300.0,7,astar,150
0.210608,7,astar,150
0.901697,7,astar,150
300.0,7,astar,150
300.0,7,astar,150
300.0,7,astar,150
300.0,7,astar,150
300.0,7,astar,150
300.0,7,astar,150
0.287993,7,astar,150
0.17581,7,astar,150
300.0,7,astar,150
300.0,7,astar,150
300.0,7,astar,150
300.0,7,astar,150
4.67749,7,astar,150
300.0,7,astar,150
5.58841,7,astar,150
3.15661,7,astar,150
300.0,7,astar,150
300.0,7,astar,150
300.0,7,astar,150
300.0,7,astar,150
0.677556,7,astar,150
300.0,7,astar,150
300.0,8,birk,50
300.0,8,birk,50
300.0,8,birk,50
300.0,8,birk,50
10.0391,8,birk,50
24.1956,8,birk,50
15.311,8,birk,50
300.0,8,birk,50
300.0,8,birk,50
16.6043,8,birk,50
300.0,8,birk,50
300.0,8,birk,50
9.07588,8,birk,50
300.0,8,birk,50
17.5635,8,birk,50
300.0,8,birk,50
16.2424,8,birk,50
15.0765,8,birk,50
8.90526,8,birk,50
8.8363,8,birk,50
23.1,8,birk,50
20.4643,8,birk,50
300.0,8,birk,50
17.9805,8,birk,50
16.4737,8,birk,50
300.0,8,birk,50
18.079,8,birk,50
300.0,8,birk,50
300.0,8,birk,50
8.36207,8,birk,50
300.0,8,birk,50
18.8667,8,birk,50
20.2724,8,birk,50
300.0,8,birk,50
300.0,8,birk,50
300.0,8,birk,50
300.0,8,birk,50
300.0,8,birk,50
13.2464,8,birk,50
7.43709,8,birk,50
300.0,8,birk,50
13.5235,8,birk,50
300.0,8,birk,50
300.0,8,birk,50
300.0,8,birk,50
18.5404,8,birk,50
300.0,8,birk,50
300.0,8,birk,50
8.55088,8,birk,50
300.0,8,birk,50
300.0,8,dfs,50
300.0,8,dfs,50
300.0,8,dfs,50
300.0,8,dfs,50
0.136576,8,dfs,50
0.371616,8,dfs,50
0.140508,8,dfs,50
0.61668,8,dfs,50
300.0,8,dfs,50
6.91378,8,dfs,50
300.0,8,dfs,50
300.0,8,dfs,50
10.3438,8,dfs,50
79.5038,8,dfs,50
300.0,8,dfs,50
300.0,8,dfs,50
0.150999,8,dfs,50
0.147824,8,dfs,50
0.112283,8,dfs,50
9.42258,8,dfs,50
0.213576,8,dfs,50
300.0,8,dfs,50
300.0,8,dfs,50
0.152272,8,dfs,50
0.252188,8,dfs,50
300.0,8,dfs,50
0.146603,8,dfs,50
300.0,8,dfs,50
300.0,8,dfs,50
0.138795,8,dfs,50
300.0,8,dfs,50
0.182508,8,dfs,50
300.0,8,dfs,50
300.0,8,dfs,50
300.0,8,dfs,50
300.0,8,dfs,50
300.0,8,dfs,50
300.0,8,dfs,50
0.279598,8,dfs,50
300.0,8,dfs,50
300.0,8,dfs,50
0.227908,8,dfs,50
300.0,8,dfs,50
300.0,8,dfs,50
300.0,8,dfs,50
300.0,8,dfs,50
300.0,8,dfs,50
300.0,8,dfs,50
0.0945671,8,dfs,50
65.4867,8,dfs,50
300.0,8,astar,50
300.0,8,astar,50
300.0,8,astar,50
300.0,8,astar,50
0.134306,8,astar,50
0.363361,8,astar,50
0.143507,8,astar,50
300.0,8,astar,50
300.0,8,astar,50
0.537346,8,astar,50
300.0,8,astar,50
300.0,8,astar,50
0.670693,8,astar,50
300.0,8,astar,50
300.0,8,astar,50
300.0,8,astar,50
0.15515,8,astar,50
0.153222,8,astar,50
0.114781,8,astar,50
300.0,8,astar,50
0.462137,8,astar,50
300.0,8,astar,50
300.0,8,astar,50
0.165533,8,astar,50
0.18177,8,astar,50
300.0,8,astar,50
0.167197,8,astar,50
300.0,8,astar,50
300.0,8,astar,50
300.0,8,astar,50
300.0,8,astar,50
0.192889,8,astar,50
300.0,8,astar,50
300.0,8,astar,50
300.0,8,astar,50
300.0,8,astar,50
300.0,8,astar,50
300.0,8,astar,50
0.412668,8,astar,50
300.0,8,astar,50
300.0,8,astar,50
0.150012,8,astar,50
300.0,8,astar,50
300.0,8,astar,50
300.0,8,astar,50
300.0,8,astar,50
300.0,8,astar,50
300.0,8,astar,50
0.0979795,8,astar,50
300.0,8,astar,50
300.0,8,birk,100
300.0,8,birk,100
15.4537,8,birk,100
36.6143,8,birk,100
25.0356,8,birk,100
300.0,8,birk,100
300.0,8,birk,100
22.2835,8,birk,100
16.4641,8,birk,100
44.151,8,birk,100
18.9264,8,birk,100
300.0,8,birk,100
16.3418,8,birk,100
300.0,8,birk,100
300.0,8,birk,100
14.5089,8,birk,100
300.0,8,birk,100
20.2163,8,birk,100
300.0,8,birk,100
300.0,8,birk,100
34.2527,8,birk,100
18.7774,8,birk,100
300.0,8,birk,100
7.45753,8,birk,100
25.0014,8,birk,100
300.0,8,birk,100
23.9607,8,birk,100
18.6256,8,birk,100
300.0,8,birk,100
300.0,8,birk,100
15.0196,8,birk,100
25.2812,8,birk,100
300.0,8,birk,100
24.8666,8,birk,100
300.0,8,birk,100
300.0,8,birk,100
24.7656,8,birk,100
300.0,8,birk,100
300.0,8,birk,100
300.0,8,birk,100
21.0119,8,birk,100
300.0,8,birk,100
300.0,8,birk,100
300.0,8,birk,100
300.0,8,birk,100
18.4408,8,birk,100
300.0,8,birk,100
300.0,8,birk,100
9.31147,8,birk,100
300.0,8,birk,100
300.0,8,dfs,100
300.0,8,dfs,100
0.162709,8,dfs,100
300.0,8,dfs,100
18.092,8,dfs,100
300.0,8,dfs,100
300.0,8,dfs,100
0.191202,8,dfs,100
0.166481,8,dfs,100
300.0,8,dfs,100
18.5136,8,dfs,100
21.1399,8,dfs,100
0.156159,8,dfs,100
300.0,8,dfs,100
300.0,8,dfs,100
1.12549,8,dfs,100
300.0,8,dfs,100
0.288645,8,dfs,100
300.0,8,dfs,100
300.0,8,dfs,100
300.0,8,dfs,100
0.199877,8,dfs,100
300.0,8,dfs,100
0.0893371,8,dfs,100
7.94797,8,dfs,100
300.0,8,dfs,100
16.1984,8,dfs,100
0.182869,8,dfs,100
300.0,8,dfs,100
300.0,8,dfs,100
300.0,8,dfs,100
72.1666,8,dfs,100
300.0,8,dfs,100
300.0,8,dfs,100
300.0,8,dfs,100
300.0,8,dfs,100
0.197183,8,dfs,100
300.0,8,dfs,100
300.0,8,dfs,100
300.0,8,dfs,100
0.52879,8,dfs,100
300.0,8,dfs,100
300.0,8,dfs,100
300.0,8,dfs,100
300.0,8,dfs,100
300.0,8,dfs,100
300.0,8,dfs,100
300.0,8,dfs,100
0.114703,8,dfs,100
300.0,8,dfs,100
300.0,8,astar,100
300.0,8,astar,100
0.170181,8,astar,100
300.0,8,astar,100
30.5301,8,astar,100
300.0,8,astar,100
300.0,8,astar,100
0.194632,8,astar,100
0.169327,8,astar,100
300.0,8,astar,100
3.07094,8,astar,100
300.0,8,astar,100
0.768051,8,astar,100
300.0,8,astar,100
300.0,8,astar,100
300.0,8,astar,100
300.0,8,astar,100
300.0,8,astar,100
300.0,8,astar,100
300.0,8,astar,100
300.0,8,astar,100
0.21079,8,astar,100
300.0,8,astar,100
0.0912074,8,astar,100
1.45262,8,astar,100
300.0,8,astar,100
300.0,8,astar,100
0.169096,8,astar,100
300.0,8,astar,100
300.0,8,astar,100
0.626079,8,astar,100
1.91273,8,astar,100
300.0,8,astar,100
300.0,8,astar,100
300.0,8,astar,100
300.0,8,astar,100
0.211372,8,astar,100
300.0,8,astar,100
300.0,8,astar,100
300.0,8,astar,100
300.0,8,astar,100
18.9749,8,astar,100
300.0,8,astar,100
300.0,8,astar,100
300.0,8,astar,100
3.86717,8,astar,100
300.0,8,astar,100
300.0,8,astar,100
0.104688,8,astar,100
300.0,8,astar,100
300.0,8,birk,150
300.0,8,birk,150
300.0,8,birk,150
300.0,8,birk,150
300.0,8,birk,150
44.9127,8,birk,150
300.0,8,birk,150
19.9846,8,birk,150
300.0,8,birk,150
300.0,8,birk,150
32.7305,8,birk,150
300.0,8,birk,150
300.0,8,birk,150
300.0,8,birk,150
300.0,8,birk,150
300.0,8,birk,150
300.0,8,birk,150
300.0,8,birk,150
300.0,8,birk,150
300.0,8,birk,150
16.7078,8,birk,150
18.2125,8,birk,150
19.8034,8,birk,150
300.0,8,birk,150
300.0,8,birk,150
300.0,8,birk,150
17.1254,8,birk,150
300.0,8,birk,150
300.0,8,birk,150
300.0,8,birk,150
300.0,8,birk,150
19.9026,8,birk,150
20.2477,8,birk,150
300.0,8,birk,150
300.0,8,birk,150
30.2032,8,birk,150
300.0,8,birk,150
300.0,8,birk,150
300.0,8,birk,150
300.0,8,birk,150
16.0547,8,birk,150
300.0,8,birk,150
14.9238,8,birk,150
28.9049,8,birk,150
14.8532,8,birk,150
300.0,8,birk,150
300.0,8,birk,150
300.0,8,birk,150
300.0,8,birk,150
300.0,8,birk,150
300.0,8,dfs,150
300.0,8,dfs,150
300.0,8,dfs,150
300.0,8,dfs,150
131.819,8,dfs,150
300.0,8,dfs,150
300.0,8,dfs,150
0.200147,8,dfs,150
300.0,8,dfs,150
300.0,8,dfs,150
1.12905,8,dfs,150
300.0,8,dfs,150
300.0,8,dfs,150
300.0,8,dfs,150
300.0,8,dfs,150
300.0,8,dfs,150
300.0,8,dfs,150
300.0,8,dfs,150
300.0,8,dfs,150
300.0,8,dfs,150
0.481535,8,dfs,150
30.8642,8,dfs,150
0.219338,8,dfs,150
300.0,8,dfs,150
300.0,8,dfs,150
300.0,8,dfs,150
174.553,8,dfs,150
300.0,8,dfs,150
300.0,8,dfs,150
300.0,8,dfs,150
300.0,8,dfs,150
10.621,8,dfs,150
0.646805,8,dfs,150
300.0,8,dfs,150
300.0,8,dfs,150
2.12767,8,dfs,150
300.0,8,dfs,150
300.0,8,dfs,150
300.0,8,dfs,150
300.0,8,dfs,150
0.422494,8,dfs,150
300.0,8,dfs,150
0.152272,8,dfs,150
0.221063,8,dfs,150
0.136264,8,dfs,150
300.0,8,dfs,150
300.0,8,dfs,150
300.0,8,dfs,150
300.0,8,dfs,150
300.0,8,dfs,150
300.0,8,astar,150
300.0,8,astar,150
300.0,8,astar,150
300.0,8,astar,150
300.0,8,astar,150
300.0,8,astar,150
300.0,8,astar,150
0.20995,8,astar,150
300.0,8,astar,150
300.0,8,astar,150
300.0,8,astar,150
300.0,8,astar,150
300.0,8,astar,150
300.0,8,astar,150
300.0,8,astar,150
300.0,8,astar,150
300.0,8,astar,150
300.0,8,astar,150
300.0,8,astar,150
1.48119,8,astar,150
0.316671,8,astar,150
0.799689,8,astar,150
0.208371,8,astar,150
300.0,8,astar,150
300.0,8,astar,150
300.0,8,astar,150
300.0,8,astar,150
300.0,8,astar,150
300.0,8,astar,150
300.0,8,astar,150
300.0,8,astar,150
1.28348,8,astar,150
300.0,8,astar,150
300.0,8,astar,150
300.0,8,astar,150
300.0,8,astar,150
300.0,8,astar,150
300.0,8,astar,150
300.0,8,astar,150
300.0,8,astar,150
0.289126,8,astar,150
300.0,8,astar,150
0.155388,8,astar,150
0.233453,8,astar,150
0.131046,8,astar,150
300.0,8,astar,150
300.0,8,astar,150
300.0,8,astar,150
300.0,8,astar,150
300.0,8,astar,150
14.5342,9,birk,50
6.34175,9,birk,50
22.8591,9,birk,50
300.0,9,birk,50
17.2071,9,birk,50
300.0,9,birk,50
300.0,9,birk,50
22.5147,9,birk,50
300.0,9,birk,50
300.0,9,birk,50
300.0,9,birk,50
25.9868,9,birk,50
16.226,9,birk,50
300.0,9,birk,50
300.0,9,birk,50
300.0,9,birk,50
11.1229,9,birk,50
300.0,9,birk,50
300.0,9,birk,50
300.0,9,birk,50
300.0,9,birk,50
300.0,9,birk,50
26.6407,9,birk,50
300.0,9,birk,50
300.0,9,birk,50
300.0,9,birk,50
13.2697,9,birk,50
15.5492,9,birk,50
300.0,9,birk,50
20.1254,9,birk,50
300.0,9,birk,50
7.89832,9,birk,50
300.0,9,birk,50
19.9458,9,birk,50
300.0,9,birk,50
13.054,9,birk,50
16.2184,9,birk,50
300.0,9,birk,50
300.0,9,birk,50
300.0,9,birk,50
19.6279,9,birk,50
22.1068,9,birk,50
300.0,9,birk,50
300.0,9,birk,50
300.0,9,birk,50
9.48618,9,birk,50
300.0,9,birk,50
300.0,9,birk,50
300.0,9,birk,50
11.4844,9,birk,50
0.245803,9,dfs,50
0.195133,9,dfs,50
151.853,9,dfs,50
0.922149,9,dfs,50
0.161699,9,dfs,50
300.0,9,dfs,50
300.0,9,dfs,50
300.0,9,dfs,50
0.252398,9,dfs,50
300.0,9,dfs,50
10.0502,9,dfs,50
0.231739,9,dfs,50
0.933627,9,dfs,50
300.0,9,dfs,50
300.0,9,dfs,50
300.0,9,dfs,50
0.11775,9,dfs,50
300.0,9,dfs,50
300.0,9,dfs,50
300.0,9,dfs,50
300.0,9,dfs,50
300.0,9,dfs,50
300.0,9,dfs,50
0.523879,9,dfs,50
0.197888,9,dfs,50
300.0,9,dfs,50
0.127766,9,dfs,50
0.14664,9,dfs,50
300.0,9,dfs,50
300.0,9,dfs,50
0.67691,9,dfs,50
0.184394,9,dfs,50
300.0,9,dfs,50
0.587421,9,dfs,50
300.0,9,dfs,50
0.124272,9,dfs,50
0.794112,9,dfs,50
300.0,9,dfs,50
300.0,9,dfs,50
300.0,9,dfs,50
110.336,9,dfs,50
0.238254,9,dfs,50
300.0,9,dfs,50
300.0,9,dfs,50
300.0,9,dfs,50
13.3173,9,dfs,50
0.175148,9,dfs,50
300.0,9,dfs,50
300.0,9,dfs,50
0.24503,9,dfs,50
0.21915,9,astar,50
0.139679,9,astar,50
300.0,9,astar,50
300.0,9,astar,50
0.166237,9,astar,50
300.0,9,astar,50
300.0,9,astar,50
300.0,9,astar,50
0.252769,9,astar,50
300.0,9,astar,50
0.322952,9,astar,50
0.232183,9,astar,50
300.0,9,astar,50
300.0,9,astar,50
300.0,9,astar,50
300.0,9,astar,50
0.109651,9,astar,50
300.0,9,astar,50
300.0,9,astar,50
300.0,9,astar,50
300.0,9,astar,50
300.0,9,astar,50
300.0,9,astar,50
300.0,9,astar,50
0.198562,9,astar,50
300.0,9,astar,50
0.130682,9,astar,50
0.139257,9,astar,50
300.0,9,astar,50
300.0,9,astar,50
0.818988,9,astar,50
0.131223,9,astar,50
300.0,9,astar,50
0.269036,9,astar,50
300.0,9,astar,50
0.123906,9,astar,50
0.26888,9,astar,50
300.0,9,astar,50
300.0,9,astar,50
300.0,9,astar,50
300.0,9,astar,50
300.0,9,astar,50
300.0,9,astar,50
300.0,9,astar,50
300.0,9,astar,50
300.0,9,astar,50
0.17927,9,astar,50
300.0,9,astar,50
300.0,9,astar,50
0.158659,9,astar,50
300.0,9,birk,100
300.0,9,birk,100
24.911,9,birk,100
300.0,9,birk,100
300.0,9,birk,100
22.2281,9,birk,100
300.0,9,birk,100
12.733,9,birk,100
300.0,9,birk,100
20.8317,9,birk,100
18.2148,9,birk,100
300.0,9,birk,100
59.8519,9,birk,100
20.4322,9,birk,100
23.1306,9,birk,100
300.0,9,birk,100
32.4841,9,birk,100
300.0,9,birk,100
300.0,9,birk,100
22.0681,9,birk,100
300.0,9,birk,100
300.0,9,birk,100
300.0,9,birk,100
300.0,9,birk,100
300.0,9,birk,100
24.6007,9,birk,100
20.7753,9,birk,100
300.0,9,birk,100
18.4879,9,birk,100
300.0,9,birk,100
300.0,9,birk,100
300.0,9,birk,100
15.4924,9,birk,100
28.0162,9,birk,100
19.5903,9,birk,100
300.0,9,birk,100
39.1309,9,birk,100
300.0,9,birk,100
29.0258,9,birk,100
19.627,9,birk,100
300.0,9,birk,100
19.0187,9,birk,100
17.963,9,birk,100
25.4208,9,birk,100
300.0,9,birk,100
25.7051,9,birk,100
300.0,9,birk,100
23.8503,9,birk,100
30.2203,9,birk,100
21.0795,9,birk,100
300.0,9,dfs,100
300.0,9,dfs,100
1.63556,9,dfs,100
300.0,9,dfs,100
300.0,9,dfs,100
3.1873,9,dfs,100
11.245,9,dfs,100
0.135431,9,dfs,100
300.0,9,dfs,100
5.41878,9,dfs,100
0.194407,9,dfs,100
300.0,9,dfs,100
300.0,9,dfs,100
300.0,9,dfs,100
12.5874,9,dfs,100
300.0,9,dfs,100
300.0,9,dfs,100
300.0,9,dfs,100
300.0,9,dfs,100
300.0,9,dfs,100
300.0,9,dfs,100
300.0,9,dfs,100
35.4822,9,dfs,100
300.0,9,dfs,100
300.0,9,dfs,100
0.235761,9,dfs,100
300.0,9,dfs,100
300.0,9,dfs,100
300.0,9,dfs,100
300.0,9,dfs,100
300.0,9,dfs,100
300.0,9,dfs,100
1.86355,9,dfs,100
300.0,9,dfs,100
0.162376,9,dfs,100
300.0,9,dfs,100
300.0,9,dfs,100
2.61154,9,dfs,100
6.87859,9,dfs,100
1.35935,9,dfs,100
300.0,9,dfs,100
16.8333,9,dfs,100
0.169858,9,dfs,100
300.0,9,dfs,100
300.0,9,dfs,100
0.217835,9,dfs,100
300.0,9,dfs,100
0.265093,9,dfs,100
300.0,9,dfs,100
0.166407,9,dfs,100
300.0,9,astar,100
300.0,9,astar,100
0.756323,9,astar,100
300.0,9,astar,100
300.0,9,astar,100
0.273636,9,astar,100
2.12402,9,astar,100
0.138018,9,astar,100
300.0,9,astar,100
6.74675,9,astar,100
0.20213,9,astar,100
300.0,9,astar,100
18.2846,9,astar,100
300.0,9,astar,100
2.97981,9,astar,100
300.0,9,astar,100
300.0,9,astar,100
300.0,9,astar,100
300.0,9,astar,100
300.0,9,astar,100
300.0,9,astar,100
300.0,9,astar,100
300.0,9,astar,100
300.0,9,astar,100
300.0,9,astar,100
0.245344,9,astar,100
300.0,9,astar,100
300.0,9,astar,100
300.0,9,astar,100
300.0,9,astar,100
300.0,9,astar,100
300.0,9,astar,100
1.66408,9,astar,100
9.00543,9,astar,100
0.166506,9,astar,100
300.0,9,astar,100
300.0,9,astar,100
20.3744,9,astar,100
300.0,9,astar,100
5.20527,9,astar,100
300.0,9,astar,100
1.51654,9,astar,100
0.154633,9,astar,100
300.0,9,astar,100
300.0,9,astar,100
0.212147,9,astar,100
300.0,9,astar,100
0.242453,9,astar,100
300.0,9,astar,100
0.156207,9,astar,100
24.7861,9,birk,150
300.0,9,birk,150
300.0,9,birk,150
300.0,9,birk,150
300.0,9,birk,150
16.9929,9,birk,150
300.0,9,birk,150
300.0,9,birk,150
45.827,9,birk,150
300.0,9,birk,150
28.3604,9,birk,150
300.0,9,birk,150
300.0,9,birk,150
300.0,9,birk,150
300.0,9,birk,150
300.0,9,birk,150
300.0,9,birk,150
33.9639,9,birk,150
83.699,9,birk,150
15.2593,9,birk,150
22.2274,9,birk,150
185.931,9,birk,150
36.3276,9,birk,150
300.0,9,birk,150
30.3136,9,birk,150
19.4474,9,birk,150
30.8424,9,birk,150
300.0,9,birk,150
31.3918,9,birk,150
300.0,9,birk,150
41.1585,9,birk,150
300.0,9,birk,150
300.0,9,birk,150
18.9991,9,birk,150
300.0,9,birk,150
300.0,9,birk,150
300.0,9,birk,150
300.0,9,birk,150
300.0,9,birk,150
300.0,9,birk,150
51.466,9,birk,150
24.2497,9,birk,150
300.0,9,birk,150
300.0,9,birk,150
300.0,9,birk,150
18.4945,9,birk,150
41.281,9,birk,150
300.0,9,birk,150
29.3504,9,birk,150
28.3901,9,birk,150
0.250553,9,dfs,150
300.0,9,dfs,150
300.0,9,dfs,150
300.0,9,dfs,150
300.0,9,dfs,150
0.170386,9,dfs,150
300.0,9,dfs,150
300.0,9,dfs,150
300.0,9,dfs,150
300.0,9,dfs,150
1.53628,9,dfs,150
169.336,9,dfs,150
300.0,9,dfs,150
300.0,9,dfs,150
300.0,9,dfs,150
300.0,9,dfs,150
300.0,9,dfs,150
0.729803,9,dfs,150
300.0,9,dfs,150
3.07567,9,dfs,150
0.205556,9,dfs,150
300.0,9,dfs,150
38.2561,9,dfs,150
5.04308,9,dfs,150
1.61721,9,dfs,150
0.177455,9,dfs,150
300.0,9,dfs,150
300.0,9,dfs,150
3.11785,9,dfs,150
300.0,9,dfs,150
158.237,9,dfs,150
300.0,9,dfs,150
300.0,9,dfs,150
1.25965,9,dfs,150
300.0,9,dfs,150
300.0,9,dfs,150
300.0,9,dfs,150
300.0,9,dfs,150
300.0,9,dfs,150
300.0,9,dfs,150
41.9028,9,dfs,150
300.0,9,dfs,150
300.0,9,dfs,150
300.0,9,dfs,150
300.0,9,dfs,150
0.143219,9,dfs,150
300.0,9,dfs,150
300.0,9,dfs,150
1.90305,9,dfs,150
0.260283,9,dfs,150
0.229284,9,astar,150
300.0,9,astar,150
300.0,9,astar,150
300.0,9,astar,150
300.0,9,astar,150
0.168688,9,astar,150
300.0,9,astar,150
300.0,9,astar,150
300.0,9,astar,150
300.0,9,astar,150
0.390945,9,astar,150
300.0,9,astar,150
300.0,9,astar,150
300.0,9,astar,150
300.0,9,astar,150
300.0,9,astar,150
300.0,9,astar,150
0.436198,9,astar,150
300.0,9,astar,150
1.04102,9,astar,150
0.211876,9,astar,150
300.0,9,astar,150
11.4584,9,astar,150
300.0,9,astar,150
0.631783,9,astar,150
0.19189,9,astar,150
300.0,9,astar,150
300.0,9,astar,150
22.3269,9,astar,150
300.0,9,astar,150
138.476,9,astar,150
300.0,9,astar,150
300.0,9,astar,150
1.0901,9,astar,150
300.0,9,astar,150
300.0,9,astar,150
300.0,9,astar,150
300.0,9,astar,150
300.0,9,astar,150
300.0,9,astar,150
300.0,9,astar,150
5.00661,9,astar,150
300.0,9,astar,150
64.1605,9,astar,150
300.0,9,astar,150
0.162393,9,astar,150
34.6981,9,astar,150
300.0,9,astar,150
0.439562,9,astar,150
0.272854,9,astar,150
24.8284,10,birk,50
300.0,10,birk,50
300.0,10,birk,50
21.9506,10,birk,50
12.2012,10,birk,50
14.6786,10,birk,50
300.0,10,birk,50
300.0,10,birk,50
300.0,10,birk,50
300.0,10,birk,50
300.0,10,birk,50
17.9306,10,birk,50
17.893,10,birk,50
300.0,10,birk,50
300.0,10,birk,50
300.0,10,birk,50
300.0,10,birk,50
300.0,10,birk,50
300.0,10,birk,50
13.0756,10,birk,50
300.0,10,birk,50
300.0,10,birk,50
13.1965,10,birk,50
300.0,10,birk,50
16.3623,10,birk,50
300.0,10,birk,50
8.61003,10,birk,50
28.6555,10,birk,50
300.0,10,birk,50
300.0,10,birk,50
20.3948,10,birk,50
300.0,10,birk,50
19.7001,10,birk,50
13.8418,10,birk,50
300.0,10,birk,50
14.3247,10,birk,50
300.0,10,birk,50
21.2356,10,birk,50
300.0,10,birk,50
300.0,10,birk,50
300.0,10,birk,50
300.0,10,birk,50
24.9806,10,birk,50
31.2935,10,birk,50
24.8341,10,birk,50
300.0,10,birk,50
300.0,10,birk,50
300.0,10,birk,50
23.3149,10,birk,50
300.0,10,birk,50
300.0,10,dfs,50
300.0,10,dfs,50
300.0,10,dfs,50
0.429923,10,dfs,50
300.0,10,dfs,50
0.164195,10,dfs,50
300.0,10,dfs,50
300.0,10,dfs,50
300.0,10,dfs,50
300.0,10,dfs,50
0.32397,10,dfs,50
0.157103,10,dfs,50
0.300061,10,dfs,50
300.0,10,dfs,50
300.0,10,dfs,50
300.0,10,dfs,50
300.0,10,dfs,50
300.0,10,dfs,50
300.0,10,dfs,50
0.119584,10,dfs,50
300.0,10,dfs,50
300.0,10,dfs,50
0.183186,10,dfs,50
13.6187,10,dfs,50
0.150138,10,dfs,50
300.0,10,dfs,50
300.0,10,dfs,50
300.0,10,dfs,50
300.0,10,dfs,50
300.0,10,dfs,50
4.66395,10,dfs,50
0.278851,10,dfs,50
0.201707,10,dfs,50
300.0,10,dfs,50
300.0,10,dfs,50
300.0,10,dfs,50
300.0,10,dfs,50
0.568106,10,dfs,50
300.0,10,dfs,50
300.0,10,dfs,50
300.0,10,dfs,50
300.0,10,dfs,50
0.25651,10,dfs,50
300.0,10,dfs,50
0.206991,10,dfs,50
300.0,10,dfs,50
300.0,10,dfs,50
300.0,10,dfs,50
2.74816,10,dfs,50
300.0,10,dfs,50
300.0,10,astar,50
300.0,10,astar,50
300.0,10,astar,50
300.0,10,astar,50
300.0,10,astar,50
0.160538,10,astar,50
300.0,10,astar,50
300.0,10,astar,50
300.0,10,astar,50
300.0,10,astar,50
300.0,10,astar,50
0.161984,10,astar,50
0.235845,10,astar,50
300.0,10,astar,50
300.0,10,astar,50
300.0,10,astar,50
300.0,10,astar,50
300.0,10,astar,50
300.0,10,astar,50
0.126058,10,astar,50
0.66162,10,astar,50
300.0,10,astar,50
300.0,10,astar,50
1.80124,10,astar,50
0.154445,10,astar,50
30.4169,10,astar,50
300.0,10,astar,50
300.0,10,astar,50
300.0,10,astar,50
300.0,10,astar,50
0.49514,10,astar,50
0.207984,10,astar,50
0.213948,10,astar,50
300.0,10,astar,50
300.0,10,astar,50
300.0,10,astar,50
300.0,10,astar,50
300.0,10,astar,50
300.0,10,astar,50
300.0,10,astar,50
300.0,10,astar,50
300.0,10,astar,50
0.330002,10,astar,50
300.0,10,astar,50
0.210644,10,astar,50
300.0,10,astar,50
300.0,10,astar,50
300.0,10,astar,50
300.0,10,astar,50
300.0,10,astar,50
300.0,10,birk,100
300.0,10,birk,100
300.0,10,birk,100
300.0,10,birk,100
47.7714,10,birk,100
300.0,10,birk,100
44.359,10,birk,100
300.0,10,birk,100
300.0,10,birk,100
22.1274,10,birk,100
29.4583,10,birk,100
300.0,10,birk,100
20.6398,10,birk,100
18.6569,10,birk,100
300.0,10,birk,100
300.0,10,birk,100
25.6218,10,birk,100
300.0,10,birk,100
22.2366,10,birk,100
300.0,10,birk,100
25.9102,10,birk,100
300.0,10,birk,100
26.294,10,birk,100
300.0,10,birk,100
300.0,10,birk,100
300.0,10,birk,100
300.0,10,birk,100
32.9254,10,birk,100
300.0,10,birk,100
300.0,10,birk,100
43.5231,10,birk,100
300.0,10,birk,100
300.0,10,birk,100
32.3919,10,birk,100
300.0,10,birk,100
300.0,10,birk,100
300.0,10,birk,100
300.0,10,birk,100
21.905,10,birk,100
300.0,10,birk,100
300.0,10,birk,100
39.353,10,birk,100
52.0369,10,birk,100
300.0,10,birk,100
300.0,10,birk,100
22.568,10,birk,100
300.0,10,birk,100
300.0,10,birk,100
20.951,10,birk,100
31.2814,10,birk,100
300.0,10,dfs,100
300.0,10,dfs,100
300.0,10,dfs,100
300.0,10,dfs,100
92.2974,10,dfs,100
300.0,10,dfs,100
300.0,10,dfs,100
300.0,10,dfs,100
300.0,10,dfs,100
0.202661,10,dfs,100
2.72106,10,dfs,100
300.0,10,dfs,100
0.219326,10,dfs,100
0.180681,10,dfs,100
300.0,10,dfs,100
300.0,10,dfs,100
0.188358,10,dfs,100
300.0,10,dfs,100
1.33571,10,dfs,100
300.0,10,dfs,100
111.401,10,dfs,100
300.0,10,dfs,100
0.219281,10,dfs,100
300.0,10,dfs,100
300.0,10,dfs,100
300.0,10,dfs,100
300.0,10,dfs,100
300.0,10,dfs,100
300.0,10,dfs,100
300.0,10,dfs,100
300.0,10,dfs,100
300.0,10,dfs,100
300.0,10,dfs,100
0.304165,10,dfs,100
300.0,10,dfs,100
300.0,10,dfs,100
300.0,10,dfs,100
300.0,10,dfs,100
0.304304,10,dfs,100
300.0,10,dfs,100
300.0,10,dfs,100
300.0,10,dfs,100
300.0,10,dfs,100
0.277296,10,dfs,100
300.0,10,dfs,100
300.0,10,dfs,100
0.281214,10,dfs,100
300.0,10,dfs,100
0.203479,10,dfs,100
300.0,10,dfs,100
300.0,10,astar,100
300.0,10,astar,100
300.0,10,astar,100
300.0,10,astar,100
300.0,10,astar,100
300.0,10,astar,100
300.0,10,astar,100
300.0,10,astar,100
300.0,10,astar,100
0.206349,10,astar,100
4.55618,10,astar,100
300.0,10,astar,100
0.2138,10,astar,100
0.184667,10,astar,100
300.0,10,astar,100
300.0,10,astar,100
0.194075,10,astar,100
300.0,10,astar,100
0.59101,10,astar,100
300.0,10,astar,100
300.0,10,astar,100
300.0,10,astar,100
0.23677,10,astar,100
300.0,10,astar,100
300.0,10,astar,100
300.0,10,astar,100
300.0,10,astar,100
300.0,10,astar,100
300.0,10,astar,100
300.0,10,astar,100
300.0,10,astar,100
300.0,10,astar,100
300.0,10,astar,100
0.328688,10,astar,100
300.0,10,astar,100
300.0,10,astar,100
300.0,10,astar,100
300.0,10,astar,100
0.226162,10,astar,100
300.0,10,astar,100
300.0,10,astar,100
300.0,10,astar,100
300.0,10,astar,100
0.26997,10,astar,100
300.0,10,astar,100
300.0,10,astar,100
0.368943,10,astar,100
300.0,10,astar,100
0.210043,10,astar,100
300.0,10,astar,100
300.0,10,birk,150
49.8864,10,birk,150
29.9284,10,birk,150
300.0,10,birk,150
300.0,10,birk,150
300.0,10,birk,150
300.0,10,birk,150
300.0,10,birk,150
31.1413,10,birk,150
48.5833,10,birk,150
56.7755,10,birk,150
58.3703,10,birk,150
300.0,10,birk,150
300.0,10,birk,150
66.3428,10,birk,150
300.0,10,birk,150
300.0,10,birk,150
83.5669,10,birk,150
42.1629,10,birk,150
300.0,10,birk,150
300.0,10,birk,150
300.0,10,birk,150
97.5141,10,birk,150
39.0512,10,birk,150
300.0,10,birk,150
41.7753,10,birk,150
55.6332,10,birk,150
300.0,10,birk,150
31.8647,10,birk,150
300.0,10,birk,150
56.7343,10,birk,150
300.0,10,birk,150
300.0,10,birk,150
30.3733,10,birk,150
300.0,10,birk,150
300.0,10,birk,150
300.0,10,birk,150
300.0,10,birk,150
300.0,10,birk,150
74.5657,10,birk,150
300.0,10,birk,150
300.0,10,birk,150
300.0,10,birk,150
36.7846,10,birk,150
300.0,10,birk,150
300.0,10,birk,150
300.0,10,birk,150
300.0,10,birk,150
300.0,10,birk,150
300.0,10,birk,150
300.0,10,dfs,150
300.0,10,dfs,150
0.265,10,dfs,150
300.0,10,dfs,150
300.0,10,dfs,150
300.0,10,dfs,150
300.0,10,dfs,150
300.0,10,dfs,150
300.0,10,dfs,150
300.0,10,dfs,150
300.0,10,dfs,150
300.0,10,dfs,150
300.0,10,dfs,150
300.0,10,dfs,150
300.0,10,dfs,150
300.0,10,dfs,150
300.0,10,dfs,150
300.0,10,dfs,150
3.63657,10,dfs,150
300.0,10,dfs,150
300.0,10,dfs,150
300.0,10,dfs,150
163.992,10,dfs,150
97.713,10,dfs,150
300.0,10,dfs,150
300.0,10,dfs,150
4.52737,10,dfs,150
300.0,10,dfs,150
5.50748,10,dfs,150
300.0,10,dfs,150
300.0,10,dfs,150
300.0,10,dfs,150
300.0,10,dfs,150
0.398406,10,dfs,150
300.0,10,dfs,150
300.0,10,dfs,150
300.0,10,dfs,150
300.0,10,dfs,150
300.0,10,dfs,150
300.0,10,dfs,150
300.0,10,dfs,150
7.39507,10,dfs,150
300.0,10,dfs,150
9.55631,10,dfs,150
300.0,10,dfs,150
300.0,10,dfs,150
140.122,10,dfs,150
300.0,10,dfs,150
300.0,10,dfs,150
300.0,10,dfs,150
300.0,10,astar,150
300.0,10,astar,150
0.255128,10,astar,150
300.0,10,astar,150
300.0,10,astar,150
300.0,10,astar,150
300.0,10,astar,150
300.0,10,astar,150
300.0,10,astar,150
15.5308,10,astar,150
300.0,10,astar,150
300.0,10,astar,150
300.0,10,astar,150
300.0,10,astar,150
300.0,10,astar,150
300.0,10,astar,150
300.0,10,astar,150
300.0,10,astar,150
0.721538,10,astar,150
300.0,10,astar,150
300.0,10,astar,150
300.0,10,astar,150
300.0,10,astar,150
300.0,10,astar,150
300.0,10,astar,150
300.0,10,astar,150
300.0,10,astar,150
300.0,10,astar,150
22.4938,10,astar,150
300.0,10,astar,150
300.0,10,astar,150
300.0,10,astar,150
300.0,10,astar,150
0.289366,10,astar,150
300.0,10,astar,150
300.0,10,astar,150
300.0,10,astar,150
144.735,10,astar,150
300.0,10,astar,150
300.0,10,astar,150
300.0,10,astar,150
300.0,10,astar,150
300.0,10,astar,150
0.954544,10,astar,150
16.3375,10,astar,150
300.0,10,astar,150
300.0,10,astar,150
300.0,10,astar,150
300.0,10,astar,150
300.0,10,astar,150
